name_a,name_b,similarity,type,datasets_a,datasets_b,adds_new_connection
cheezit,cheezits,1.0,plural,6,5,True
cucumberslice,cucumberslices,1.0,plural,1,3,True
cupcake,cupcakes,1.0,plural,2,5,True
diffuser,diffusers,1.0,plural,6,1,True
dumpling,dumplings,1.0,plural,8,1,True
egg,eggs,1.0,plural,2,1,True
friedegg,friedeggs,1.0,plural,1,3,True
granolabar,granolabars,1.0,plural,11,3,True
marshmallow,marshmallows,1.0,plural,8,3,True
mmspeanut,mmspeanuts,1.0,plural,3,6,True
nectarine,nectarines,1.0,plural,1,1,True
pillow,pillows,1.0,plural,3,6,True
poptart,poptarts,1.0,plural,1,2,True
reesespeanutbuttercup,reesespeanutbuttercups,1.0,plural,7,2,True
resistanceband,resistancebands,1.0,plural,2,7,True
speaker,speakers,1.0,plural,5,1,True
springonion,springonions,1.0,plural,1,1,True
taco,tacos,1.0,plural,1,2,True
babybelcheesewithcrackers,babybellcheesewithcrackers,0.98,fuzzy,1,1,True
attachablephonelens,attachablephonelens3,0.974,fuzzy,2,1,True
luckycharmswith1milk,luckycharmswithmilk,0.974,fuzzy,1,1,True
lifesavergummies,lifesaversgummies,0.97,fuzzy,4,6,True
skittleswildberry,skittlewildberry,0.97,fuzzy,5,6,True
mozarellasticks,mozzarellasticks,0.968,fuzzy,1,1,True
brusselsprouts,brusselssprouts,0.966,fuzzy,1,9,True
chickennuggets,chickennuggets2,0.966,fuzzy,10,1,True
chocolatdonuts,chocolatedonuts,0.966,fuzzy,1,3,True
ghiradellimilk,ghirardellimilk,0.966,fuzzy,4,1,True
giantsweetarts,giantsweettarts,0.966,fuzzy,5,3,True
hersheykisses,hersheyskisses,0.963,fuzzy,3,1,True
stainremover,stainremover3,0.96,fuzzy,2,1,True
strawberriers,strawberries,0.96,fuzzy,1,13,True
reesepieces,reesespieces,0.957,fuzzy,1,11,True
wineglasses,wineglasses6,0.957,fuzzy,6,1,True
toothpaste,toothpaste6,0.952,fuzzy,2,1,True
cantaloup,cantaloupe,0.947,fuzzy,1,10,True
cornonacob,cornoncob,0.947,fuzzy,1,1,True
malteasers,maltesers,0.947,fuzzy,1,2,True
chocolatemuffin,chocolatemuffines,0.938,fuzzy,1,1,True
glasses,glasses4,0.933,fuzzy,2,1,True
macaron,macaroon,0.933,fuzzy,1,8,True
brusselsprouts,brusselssprout,0.929,fuzzy,1,1,True
chocolatedonuts,chocolatenuts,0.929,fuzzy,3,1,True
curvedglasses,curvedglasses16,0.929,fuzzy,1,1,True
roastedpotato,roastedpotatoes,0.929,fuzzy,2,1,True
broccoliandcauliflower,broccolicauliflower,0.927,fuzzy,1,1,True
broccolicauliflower,broccolicauliflowerraw,0.927,fuzzy,1,1,True
celeryandcarrotsticks,celerycarrotsticks,0.923,fuzzy,2,1,True
cherrytomato,cherrytomatoes,0.923,fuzzy,2,2,True
chocolatebar,chocolatebars8,0.923,fuzzy,1,1,True
mashedpotato,mashedpotatoes,0.923,fuzzy,1,10,True
peanutbutterritzbitscrackers,peanutbutterritzcrackers,0.923,fuzzy,1,1,True
skittlessour4,skittlessours,0.923,fuzzy,1,5,True
chocolatepretzels,chocolatepretzels1lb,0.919,fuzzy,3,1,True
lifesaversgummies,lifesaversourgummies,0.919,fuzzy,6,3,True
toasterandeggpoacher,toastereggpoacher,0.919,fuzzy,2,1,True
marshmallows,marshmellows,0.917,fuzzy,3,1,True
orangesliced,orangeslices,0.917,fuzzy,1,2,True
drawingandsketchkit,drawingsketchkit,0.914,fuzzy,6,3,True
sushiwcondiments,sushiwithcondiments,0.914,fuzzy,1,1,True
champagneflutes12,champagneflutes6,0.909,fuzzy,5,1,True
chocolatecereal,chocolatecerealbar,0.909,fuzzy,1,1,True
energybars,energybars24,0.909,fuzzy,2,1,True
frootloopswithmilk,frootloopswmilk,0.909,fuzzy,1,1,True
nerds,nerds2,0.909,fuzzy,1,3,True
raisinbranwithmilk,raisinbranwmilk,0.909,fuzzy,1,1,True
veggieswithranchdip,veggieswithranchdiplays,0.905,fuzzy,1,1,True
chocolateandnuts,chocolatedonuts,0.903,fuzzy,5,3,True
icecreamsundae,icecreamsundae002,0.903,fuzzy,2,1,True
margaritaglass,margaritaglasses6,0.903,fuzzy,5,1,True
rufflescheddarsourcream,rufflescheddarsourcreamchips,0.902,fuzzy,3,6,True
3dglasses,3dvrglasses,0.9,fuzzy,2,1,True
batteries,batteriesaa,0.9,fuzzy,2,1,True
chocolate,chocolatemm,0.9,fuzzy,2,6,True
gummibears,gummybears,0.9,fuzzy,5,2,True
chocolateandnuts,chocolatenuts,0.897,fuzzy,5,1,True
laffytaffyred,laffytaffyredone,0.897,fuzzy,3,1,True
milkchocolate,mmsmilkchocolate,0.897,fuzzy,3,6,True
bagelcreamcheese,bagelwithcreamcheese,0.889,fuzzy,1,1,True
chocolatdonuts,chocolatenuts,0.889,fuzzy,1,1,True
chocolatechipcookies,chocolatecookies,0.889,fuzzy,2,1,True
cupcakes,cupcakesam,0.889,fuzzy,5,1,True
granolawithmilk,granolawmilk,0.889,fuzzy,1,1,True
mikeandikezours,mikeikezours,0.889,fuzzy,3,6,True
mugs,mugs8,0.889,fuzzy,6,1,True
pears,peas,0.889,fuzzy,1,1,True
ramennoodles,ramennoodlesoup,0.889,fuzzy,1,8,True
chickenmasala,chickensalad,0.88,fuzzy,1,1,True
apple,apples,1.0,plural,15,1,False
banana,bananas,1.0,plural,15,1,False
bread,breads,1.0,plural,1,1,False
brusselssprout,brusselssprouts,1.0,plural,1,9,False
carrot,carrots,1.0,plural,1,11,False
chocolate,chocolates,1.0,plural,2,7,False
chocolatecookie,chocolatecookies,1.0,plural,1,1,False
cookie,cookies,1.0,plural,2,5,False
croissant,croissants,1.0,plural,10,1,False
date,dates,1.0,plural,1,1,False
fig,figs,1.0,plural,9,1,False
fruit,fruits,1.0,plural,1,1,False
grape,grapes,1.0,plural,1,15,False
hazelnut,hazelnuts,1.0,plural,1,9,False
kiwi,kiwis,1.0,plural,5,1,False
lemon,lemons,1.0,plural,1,1,False
lime,limes,1.0,plural,9,1,False
lollipop,lollipops,1.0,plural,1,4,False
muffin,muffins,1.0,plural,2,1,False
orange,oranges,1.0,plural,13,1,False
pear,pears,1.0,plural,12,1,False
pretzel,pretzels,1.0,plural,1,6,False
sausage,sausages,1.0,plural,1,1,False
shortbread,shortbreads,1.0,plural,1,1,False
sugarsnappea,sugarsnappeas,1.0,plural,1,1,False
waffle,waffles,1.0,plural,9,1,False
walnut,walnuts,1.0,plural,1,10,False
crispbreadwithcottagecheese,crispreadwithcottagecheese,0.981,fuzzy,1,1,False
conflakeswithmilk,cornflakeswithmilk,0.971,fuzzy,1,1,False
rasberries,raspberries,0.952,fuzzy,1,6,False
humidifer,humidifier,0.947,fuzzy,1,2,False
icecreamsandwich,icecreamsandwiches,0.941,fuzzy,1,1,False
roastedpotatoes,roastpotatoes,0.929,fuzzy,1,1,False
popcornerswhitecheddar,popcornwhitecheddar,0.927,fuzzy,6,6,False
messangerbag,messengerbag,0.917,fuzzy,1,6,False
grapeswhite,grapewhites,0.909,fuzzy,1,1,False
ghirardellidarkchocolatesquares,ghirardellimilkchocolatesquares,0.903,fuzzy,10,6,False
grilledchicken,grilledchickenleg,0.903,fuzzy,2,1,False
baseball,basketball,0.889,fuzzy,1,6,False
chroisant,croissant,0.889,fuzzy,1,10,False
lifesavergummies,lifesaversourgummies,0.889,fuzzy,4,3,False
snickers,snickerspb,0.889,fuzzy,15,3,False
turkeyonrollwithlettuceandtomato,turkeysandwichrollwithlettuceandtomato,0.886,fuzzy,1,1,False
vanillaicecream,vanillaicecreamcone,0.882,fuzzy,2,1,False
sharpie12pack,sharpie8pack,0.88,fuzzy,2,2,False
