subject_id,item_name,rating
1,100grand,1
1,3musketeers,0.72
1,airheadsblueraspberry,1.27
1,airheadscherry,1.02
1,airheadswatermelon,1.49
1,babyruth,0.28
1,blowpopcherry,1.49
1,blowpopsourapple,0.76
1,blowpopwatermelon,1.73
1,bunchacrunch,0.2
1,butterfingerbites,0.99
1,caramelapplepops,0.52
1,cheesepeanutbuttercrackers,0.13
1,cheetospuffs,1.49
1,cheezit,0.01
1,cheezitwhitecheddar,0.74
1,chexmixcheddar,0.48
1,chexmixtraditional,1.49
1,combospizzeria,1.71
1,crunch,0.78
1,doritoscoolranch,0.74
1,doritosnachocheese,0.98
1,doritospicychili,1
1,dots,1.74
1,dovecaramelmilkchocolate,1.5
1,dovedarkchocolatebites,1.02
1,famousamos,1.49
1,fritos,2.01
1,funyuns,0.99
1,ghirardellicaramelsquares,0.03
1,gobstoppers,0.25
1,grandmaspeanutbuttercookies,1.49
1,gummywormssour,2.49
1,heathbar,1
1,hostesschocolatedonuts,1.98
1,hostesscupcakes,0.78
1,hostesspowdereddonut,1
1,juniorcaramels,1
1,keeblerrainbowcookies,0.1
1,kettlebbqchips,0.99
1,kettlejalapenochips,0.97
1,kettlesaltpepperchips,1.25
1,kettlesaltvinegarchips,0.98
1,kitkat,1.98
1,laffytaffysourapple,1.51
1,layscheesygarlicbread,0.52
1,laysclassic,0.76
1,layssourcreamandonion,0.52
1,lifesaversgummies,1.02
1,lifesaversgummiessours,0.21
1,lindtdarkchocolate,1.73
1,lindtmilkchocolate,1.24
1,mmsmilkchocolate,0.43
1,mmsmint,0.52
1,mmspretzel,0.72
1,mentosrainbow,1.98
1,milkduds,1.51
1,munchiesjalapenocheddar,1.77
1,munchiesnachocheese,1.01
1,munchiespeanutbutter,1
1,nerdsrope,1.28
1,oreos,2.02
1,oreosgolden,1.98
1,pez,1.01
1,popcornersjalapeno,0.99
1,popcornwhitecheddar,0.24
1,pringlescheddar,0.04
1,pringlesoriginal,0.27
1,pringlessourcreamonion,1.51
1,raisinetsmilkchocolate,1.49
1,razzles,0.2
1,reesesbigcup,2
1,ritzbitscheese,0.51
1,ritzbitspeanutbutter,0.52
1,skittles,1.49
1,skittlessours,1
1,skittlestropical,2.01
1,skittlewildberry,1.28
1,snydershoneymustardonionnibblerpretzels,1.49
1,snydersminipretzels,0.51
1,snydersoriginalnibblers,0.99
1,sourpatchkids,0.47
1,sourpunchstrawsapple,0.05
1,spree,1.75
1,starburst,0.24
1,sunchipscheddar,0.5
1,sunchipsoriginal,1.49
1,swedishfish,1.27
1,swedishfishassorted,2.18
1,take5,0.5
1,toblerone,1.03
1,trailmix,0.5
1,twizzlersstrawberry,0.28
1,warheads,1.26
1,whoppers,2.27
1,yorkpeppermintpatty,2.02
2,100grand,0.49
2,airheadsblueraspberry,0.23
2,airheadsgreenapple,1
2,airheadswatermelon,3.01
2,almondjoy,2.99
2,babyruth,1.99
2,blowpopblueraspberry,2.48
2,blowpopwatermelon,1
2,caramelapplepops,0.99
2,cheesepeanutbuttercrackers,3.26
2,cheetospuffs,0.23
2,cheezitwhitecheddar,1.5
2,chexmixtraditional,1
2,comboscheddar,2
2,combospizzeria,1.5
2,doritospicychili,3.01
2,dovecaramelmilkchocolate,0.77
2,dovedarkchocolatebites,0.99
2,dovemilkpeanutbutterbites,0.74
2,famousamos,0.78
2,fritosbbq,0.98
2,funyuns,2.99
2,ghirardellicaramelsquares,1.22
2,giantsweetarts,1.48
2,gobstoppers,3.01
2,goobers,0.73
2,grandmaschocolatechipcookies,2.98
2,heathbar,1
2,hostesschocolatedonuts,0.49
2,hostesscupcakes,0.49
2,hostesspowdereddonut,3.49
2,juniormints,3.23
2,keeblerfudgestripes,1
2,kettlebbqchips,1
2,kettlejalapenochips,1.21
2,kettlesaltvinegarchips,2.5
2,laysclassic,0.5
2,laysdillpickle,0.99
2,layssourcreamandonion,1.24
2,layssweetsouthernheatbarbecue,3.5
2,lifesaversgummies,1.49
2,lifesaversgummiessours,0.5
2,mmsmilkchocolate,3
2,mmsmint,3.51
2,mmspeanuts,1.52
2,mmspretzel,1.5
2,mentosrainbow,0.25
2,mikeikezours,0.49
2,milkduds,3.5
2,milkyway,0.5
2,munchiespeanutbutter,0.23
2,nerdsrope,0.73
2,nerdsstrawberrygrape,0.5
2,oreos,1.49
2,pez,1.5
2,popcornersjalapeno,0.99
2,popcornerswhitecheddar,1
2,popcornwhitecheddar,2.98
2,pringlescheddar,0.49
2,pringlesoriginal,1.49
2,pringlessourcreamonion,1.01
2,raisinetsmilkchocolate,0.99
2,razzles,1.27
2,reesespeanutbuttercup,2.99
2,reesespieces,0.49
2,ritzbitscheese,0.72
2,runts,0.98
2,shockers,2.5
2,skittlessours,0.23
2,skittlestropical,3.99
2,skittlewildberry,0.78
2,slimjim,1.24
2,snickers,0.75
2,snickersalmond,1.5
2,snickerspeanutbutter,0.49
2,snydershoneymustardonionnibblerpretzels,2
2,snydersoriginalnibblers,0.73
2,snyderspretzelsticks,3
2,sourpunchstrawsstrawberry,1
2,spree,3.01
2,starburst,2
2,starbursttropical,0.98
2,sunchipscheddar,0.99
2,sunchipsfrenchonion,2.75
2,sunchipsgardensalsa,2.99
2,take5,0.49
2,toblerone,1.49
2,twix,2.01
2,twixpeanutbutter,3
2,twizzlersstrawberry,1.5
2,warheads,3.73
3,3musketeers,3.02
3,airheadsgreenapple,0.55
3,blowpopcherry,0.54
3,blowpopwatermelon,1.48
3,bunchacrunch,2.49
3,butterfingerbites,3.48
3,caramelapplepops,0.99
3,cheezit,3.53
3,cheezitwhitecheddar,0.49
3,chexmixcheddar,1.03
3,chexmixtraditional,0.48
3,chipsahoy,2.01
3,combospizzeria,1.99
3,crunch,1
3,doritoscoolranch,3.01
3,dovecaramelmilkchocolate,2.99
3,dovedarkchocolatebites,1.48
3,fritosbbq,0.47
3,funyuns,3.47
3,ghirardellimilkchocolatesquares,0.96
3,giantsweetarts,2
3,goldfishcheddar,2.01
3,goobers,2.49
3,grandmaschocolatechipcookies,1.99
3,heathbar,1.99
3,hostesschocolatedonuts,1.01
3,juniormints,0.97
3,kettlebbqchips,1.51
3,kettlesaltpepperchips,2
3,kitkat,0.48
3,kitkatwhitechocolate,3.58
3,layscheesygarlicbread,1.98
3,laysclassic,1.04
3,laysdillpickle,0.51
3,lifesaversgummiessours,0.99
3,lindtdarkchocolate,2.48
3,mmsmint,2.01
3,mmspretzel,3.01
3,mikeikezours,1.48
3,milkyway,3.01
3,milkywaycaramel,1.98
3,milkywaydark,3.01
3,munchiespeanutbutter,1.99
3,nerdsrope,1.48
3,oreos,1.98
3,oreosgolden,1
3,popcornersjalapeno,1.5
3,popcornerswhitecheddar,0.49
3,pringlescheddar,1.99
3,razzles,2
3,reesespeanutbuttercup,0.51
3,reesespieces,0.98
3,rufflescheddarsourcreamchips,1
3,runts,0.52
3,skittles,1.5
3,skittlestropical,1.02
3,snickers,2.99
3,snickerspeanutbutter,0.52
3,snydershoneymustardonionnibblerpretzels,1.49
3,snydersminipretzels,2.5
3,snyderspretzelsticks,0.96
3,sourpatchkids,0.46
3,sourpunchstrawsapple,1.98
3,take5,0.5
3,whoppers,3.97
4,airheadscherry,0.99
4,airheadsgreenapple,1.97
4,almondjoy,0.99
4,babyruth,1.49
4,blowpopblueraspberry,1.5
4,blowpopcherry,1.49
4,blowpopwatermelon,1.5
4,bunchacrunch,0.5
4,butterfingerbites,1.02
4,caramelapplepops,1.03
4,cheesepeanutbuttercrackers,0.5
4,cheetoscrunchy,0.49
4,cheetospuffs,0.99
4,cheezit,0.5
4,cheezitwhitecheddar,0.5
4,chexmixtraditional,1.99
4,chipsahoy,1
4,comboscheddar,0.98
4,crunch,0.99
4,doritoscoolranch,0.99
4,doritosnachocheese,1.51
4,doritospicychili,1.04
4,dovemilkpeanutbutterbites,2
4,famousamos,0.49
4,fritos,3
4,fritosbbq,0.49
4,funyuns,1.99
4,gobstoppers,0.98
4,goobers,1
4,grandmasoatmealraisincookies,2
4,grandmaspeanutbuttercookies,0.51
4,gummywormssour,1
4,heathbar,0.99
4,hostesschocolatedonuts,1
4,hostesscupcakes,0.52
4,hostesspowdereddonut,2
4,juniorcaramels,0.51
4,keeblerfudgestripes,0.99
4,keeblerrainbowcookies,1.52
4,kettlejalapenochips,1.01
4,kettlesaltpepperchips,0.49
4,kitkat,0.51
4,kitkatwhitechocolate,1.47
4,laffytaffysourapple,1.52
4,layscheesygarlicbread,0.48
4,layssourcreamandonion,1
4,lifesaversgummiessours,0.51
4,lindtdarkchocolate,1.5
4,mmsmilkchocolate,0.5
4,mmspeanuts,1.49
4,mmspretzel,1.01
4,mentosrainbow,1.5
4,mikeikezours,0.48
4,milkywaycaramel,1.51
4,milkywaydark,0.99
4,munchiesnachocheese,1
4,munchiespeanutbutter,2
4,nerdsrope,1.54
4,nerdsstrawberrygrape,1.5
4,oreosgolden,0.5
4,pez,2
4,popcornersjalapeno,0.99
4,popcornerswhitecheddar,1.51
4,popcornwhitecheddar,1
4,pringlescheddar,0.52
4,pringlesoriginal,0.98
4,razzles,1.52
4,reesesbigcup,0.99
4,reesespeanutbuttercup,1
4,reesespieces,0.51
4,ritzbitspeanutbutter,1
4,roldgoldtinytwistpretzels,1.01
4,rufflescheddarsourcreamchips,0.5
4,shockers,1.5
4,skittles,0.51
4,skittlessours,2
4,slimjim,0.49
4,snickers,0.5
4,snickersalmond,0.99
4,snickersdarkchocolate,0.49
4,snydershoneymustardonionnibblerpretzels,0.99
4,sourpatchkids,1
4,sourpunchstrawsapple,1.99
4,sourpunchstrawsstrawberry,1
4,starbursttropical,0.48
4,sunchipscheddar,0.99
4,sunchipsfrenchonion,1.01
4,sunchipsgardensalsa,0.49
4,swedishfishassorted,0.99
4,toblerone,1.5
4,trailmix,0.48
4,twix,0.51
4,twixpeanutbutter,1.5
4,warheads,1.48
4,whoppers,1.49
4,yorkpeppermintpatty,1.48
6,airheadsblueraspberry,1.42
6,airheadswatermelon,1.52
6,blowpopblueraspberry,0.47
6,butterfinger,0.47
6,butterfingerbites,3.01
6,caramelapplepops,0.49
6,cheesepeanutbuttercrackers,2.51
6,cheetoscrunchy,0.01
6,chexmixtraditional,1.45
6,crunch,0.45
6,dovemilkpeanutbutterbites,0.03
6,fritos,2.5
6,fritosbbq,2.52
6,funyuns,1.48
6,gobstoppers,1.93
6,hostesschocolatedonuts,2.45
6,kettlebbqchips,1.42
6,kitkatwhitechocolate,0.5
6,lifesaversgummiessours,3.01
6,lindtdarkchocolate,1.97
6,mmspeanuts,2.01
6,milanocookies,2.41
6,milkywaycaramel,1.08
6,milkywaydark,0.97
6,nerdsstrawberrygrape,2.47
6,oreosgolden,3.98
6,popcornersjalapeno,1.42
6,popcornerswhitecheddar,2.02
6,pringlesoriginal,2.07
6,ritzbitspeanutbutter,1.46
6,runts,1.49
6,skittlestropical,1.5
6,skittlewildberry,0.53
6,snickerspeanutbutter,2.49
6,snydershoneymustardonionnibblerpretzels,2
6,snydersminipretzels,2
6,snydersoriginalnibblers,3.48
6,snyderspretzelsticks,1.02
6,spree,1.43
6,sunchipscheddar,1.42
6,toblerone,1.02
6,twix,3.48
6,warheads,3
7,100grand,0.7
7,3musketeers,1.32
7,airheadsblueraspberry,1.26
7,airheadswatermelon,0.77
7,almondjoy,1.66
7,babyruth,1.27
7,blowpopsourapple,1.27
7,butterfinger,1.78
7,butterfingerbites,0.28
7,chexmixcheddar,0.19
7,chexmixtraditional,0.63
7,chipsahoy,0.75
7,comboscheddar,0.99
7,crunch,0.5
7,doritoscoolranch,0.99
7,doritospicychili,0.82
7,dovedarkchocolatebites,0.5
7,famousamos,0.77
7,fritos,1.78
7,fritosbbq,1.28
7,funyuns,0.2
7,ghirardellicaramelsquares,1.3
7,ghirardellidarkchocolatesquares,0.82
7,giantsweetarts,0.5
7,goldfishcheddar,1.23
7,grandmasoatmealraisincookies,1.08
7,heathbar,0.48
7,hostesschocolatedonuts,1.79
7,hostesscupcakes,0.37
7,hostesspowdereddonut,1.32
7,juniorcaramels,1.8
7,juniormints,0.69
7,keeblerrainbowcookies,1.77
7,kettlebbqchips,0.49
7,kettlejalapenochips,0.82
7,kettlesaltpepperchips,1.16
7,laffytaffysourapple,0.8
7,lifesaversgummies,1.72
7,mmsmilkchocolate,0.25
7,mmsmint,0.5
7,mmspretzel,0.35
7,milanocookies,0.2
7,munchiesjalapenocheddar,0.31
7,nerdsrope,0.85
7,oreos,1.21
7,oreosgolden,0.49
7,pringlesoriginal,0.81
7,razzles,1.55
7,reesespeanutbuttercup,0.99
7,ritzbitscheese,1.22
7,skittles,1.27
7,skittlessours,0.67
7,skittlestropical,1.73
7,skittlewildberry,0.73
7,snickersalmond,0.69
7,snickersdarkchocolate,1.82
7,snickerspeanutbutter,1
7,sourpunchstrawsapple,1.18
7,sourpunchstrawsstrawberry,1.21
7,spree,0.42
7,starburst,1.25
7,sunchipscheddar,1.29
7,sunchipsfrenchonion,1.27
7,swedishfish,1.25
7,swedishfishassorted,0.74
7,trailmix,0.49
7,twix,1.28
7,twixpeanutbutter,1.63
8,100grand,2.02
8,airheadsblueraspberry,1.5
8,airheadsgreenapple,0.49
8,airheadswatermelon,0.99
8,babyruth,0.47
8,blowpopcherry,0.99
8,blowpopsourapple,1
8,blowpopwatermelon,1.5
8,bunchacrunch,0.5
8,butterfinger,2.51
8,butterfingerbites,0.47
8,cheesepeanutbuttercrackers,0.48
8,cheetoscrunchy,0.51
8,cheetospuffs,1.48
8,cheezit,0.49
8,cheezitwhitecheddar,0.5
8,chipsahoy,2
8,comboscheddar,0.5
8,combospizzeria,0.98
8,doritoscoolranch,0.51
8,doritospicychili,0.49
8,dovecaramelmilkchocolate,0.98
8,dovedarkchocolatebites,1.02
8,dovemilkpeanutbutterbites,0.49
8,fritosbbq,0.53
8,funyuns,0.98
8,ghirardellicaramelsquares,2
8,ghirardellidarkchocolatesquares,0.52
8,ghirardellimilkchocolatesquares,0.49
8,giantsweetarts,0.98
8,gobstoppers,0.51
8,goldfishcheddar,1.99
8,goobers,1.98
8,grandmaschocolatechipcookies,2.48
8,grandmasoatmealraisincookies,1.49
8,grandmaspeanutbuttercookies,0.45
8,gummywormssour,0.48
8,hostesschocolatedonuts,1.98
8,hostesscupcakes,0.52
8,hostesspowdereddonut,0.99
8,juniormints,0.5
8,keeblerrainbowcookies,2.49
8,kettlebbqchips,1.99
8,kettlejalapenochips,0.49
8,kettlesaltpepperchips,1
8,kettlesaltvinegarchips,0.51
8,kitkat,0.48
8,laffytaffysourapple,0.5
8,laysdillpickle,0.99
8,lifesaversgummies,1.52
8,lifesaversgummiessours,1.98
8,lindtmilkchocolate,0.48
8,mmsmilkchocolate,0.5
8,mmsmint,0.49
8,mmspeanuts,2.49
8,mmspretzel,0.5
8,mentosrainbow,1.01
8,mikeikezours,0.5
8,milanocookies,0.98
8,milkywaycaramel,0.48
8,milkywaydark,3
8,munchiespeanutbutter,0.49
8,nerdsrope,0.48
8,popcornersjalapeno,2
8,popcornerskettle,0.49
8,popcornerswhitecheddar,2.5
8,popcornwhitecheddar,0.51
8,raisinetsmilkchocolate,2
8,razzles,1.98
8,reesesbigcup,1.98
8,roldgoldtinytwistpretzels,0.49
8,runts,0.99
8,skittlessours,0.51
8,skittlestropical,2
8,snickers,2.02
8,snickerspeanutbutter,1
8,snydersoriginalnibblers,1.98
8,snyderspretzelsticks,0.5
8,sourpatchkids,1
8,spree,1.5
8,starburst,0.51
8,sunchipscheddar,1.01
8,sunchipsgardensalsa,0.48
8,swedishfish,2.49
8,swedishfishassorted,1.48
8,take5,1.99
8,trailmix,2
8,twix,0.98
8,twixpeanutbutter,0.49
8,twizzlersstrawberry,0.5
8,whoppers,0.52
8,yorkpeppermintpatty,2.98
9,3musketeers,0.52
9,airheadsblueraspberry,0.99
9,airheadsgreenapple,1.01
9,babyruth,0.48
9,blowpopblueraspberry,1.01
9,blowpopcherry,0.48
9,blowpopsourapple,0.51
9,blowpopwatermelon,0.48
9,caramelapplepops,0.97
9,cheesepeanutbuttercrackers,1.01
9,cheetoscrunchy,1.51
9,cheetospuffs,0.98
9,cheezit,0.97
9,cheezitwhitecheddar,0.51
9,dovecaramelmilkchocolate,1.5
9,funyuns,1.02
9,ghirardellimilkchocolatesquares,0.47
9,goobers,0.93
9,grandmasoatmealraisincookies,0.49
9,gummywormssour,1.48
9,hostesspowdereddonut,0.97
9,keeblerfudgestripes,1.48
9,keeblerrainbowcookies,0.52
9,kettlejalapenochips,0.98
9,kettlesaltvinegarchips,1.47
9,kitkatwhitechocolate,1.52
9,laffytaffysourapple,0.97
9,layscheesygarlicbread,0.48
9,laysdillpickle,1.02
9,layssourcreamandonion,1.02
9,munchiesjalapenocheddar,0.98
9,nerdsrope,1.5
9,popcornersjalapeno,1.03
9,popcornerswhitecheddar,0.51
9,shockers,0.51
9,skittlessours,0.98
9,skittlewildberry,0.49
9,snickers,0.99
9,snydersminipretzels,0.48
9,starburst,1.02
9,sunchipsfrenchonion,0.04
9,swedishfish,0.99
9,twixpeanutbutter,0.52
9,whoppers,1
9,yorkpeppermintpatty,0.47
10,airheadsblueraspberry,1.5
10,airheadscherry,2.49
10,airheadsgreenapple,1.75
10,airheadswatermelon,2.5
10,almondjoy,1
10,babyruth,0.49
10,bunchacrunch,1
10,butterfingerbites,1
10,caramelapplepops,0.99
10,cheesepeanutbuttercrackers,1.49
10,cheetospuffs,1.23
10,chipsahoy,1
10,combospizzeria,0.5
10,crunch,2.52
10,doritoscoolranch,1.99
10,dots,0.38
10,dovecaramelmilkchocolate,1
10,dovemilkpeanutbutterbites,1.49
10,fritosbbq,1
10,funyuns,0.99
10,ghirardellimilkchocolatesquares,1
10,giantsweetarts,1.07
10,gobstoppers,0.5
10,goldfishcheddar,0.49
10,goobers,0.29
10,grandmaschocolatechipcookies,1
10,grandmasoatmealraisincookies,1
10,grandmaspeanutbuttercookies,2.21
10,gummywormssour,1.48
10,heathbar,2.48
10,hostesschocolatedonuts,1.99
10,hostesscupcakes,0.74
10,hostesspowdereddonut,2.99
10,juniormints,1
10,keeblerfudgestripes,2.98
10,keeblerrainbowcookies,1.01
10,kettlebbqchips,0.99
10,kettlejalapenochips,2.5
10,kettlesaltvinegarchips,2.78
10,kitkat,1
10,laffytaffysourapple,0.99
10,layscheesygarlicbread,2.99
10,laysclassic,0.99
10,laysdillpickle,2.5
10,layssourcreamandonion,1.99
10,layssweetsouthernheatbarbecue,1.23
10,lifesaversgummies,1.51
10,lifesaversgummiessours,0.98
10,lindtmilkchocolate,2.77
10,mmsmilkchocolate,0.99
10,mmsmint,0.5
10,mmspeanuts,2.99
10,mmspretzel,0.24
10,mikeikezours,1.75
10,milanocookies,1.26
10,milkduds,1.49
10,milkywaycaramel,0.99
10,milkywaydark,0.99
10,munchiesjalapenocheddar,0.78
10,munchiesnachocheese,0.99
10,munchiespeanutbutter,1.5
10,nerdsstrawberrygrape,0.22
10,oreos,0.49
10,oreosgolden,1
10,pez,1
10,popcornerskettle,0.99
10,pringlescheddar,0.99
10,pringlessourcreamonion,0.99
10,raisinetsmilkchocolate,2.24
10,reesesbigcup,0.99
10,reesespieces,1
10,ritzbitscheese,1
10,skittles,2.01
10,skittlessours,1.48
10,skittlewildberry,0.99
10,slimjim,1
10,snickers,1.5
10,snickersalmond,0.98
10,snickersdarkchocolate,1.49
10,snydershoneymustardonionnibblerpretzels,1.49
10,snydersminipretzels,0.99
10,snydersoriginalnibblers,1.24
10,sourpatchkids,0.99
10,sourpunchstrawsapple,0.5
10,sourpunchstrawsstrawberry,0.99
10,starbursttropical,1.49
10,sunchipscheddar,0.99
10,sunchipsoriginal,0.74
10,swedishfish,0.99
10,toblerone,2
10,trailmix,2.99
10,twix,1.51
10,twixpeanutbutter,0.99
10,twizzlersstrawberry,1.23
10,warheads,3
10,whoppers,1.48
10,yorkpeppermintpatty,0.49
11,3musketeers,1.72
11,airheadsblueraspberry,1.66
11,airheadscherry,1.07
11,airheadsgreenapple,1.04
11,airheadswatermelon,1.12
11,babyruth,2.51
11,blowpopsourapple,1.58
11,blowpopwatermelon,1.88
11,bunchacrunch,2.98
11,caramelapplepops,0.48
11,cheesepeanutbuttercrackers,2.93
11,cheetospuffs,1.44
11,cheezit,1.03
11,cheezitwhitecheddar,1.05
11,chexmixcheddar,2.49
11,chexmixtraditional,1.28
11,doritoscoolranch,2.41
11,doritosnachocheese,2.43
11,doritospicychili,2.02
11,dots,1.08
11,famousamos,1.53
11,fritos,1.54
11,funyuns,2.97
11,ghirardellidarkchocolatesquares,1.99
11,ghirardellimilkchocolatesquares,1.91
11,gobstoppers,1.99
11,grandmaschocolatechipcookies,0.52
11,grandmasoatmealraisincookies,1.51
11,grandmaspeanutbuttercookies,2.69
11,gummywormssour,1.25
11,heathbar,1.63
11,hostesspowdereddonut,0.47
11,juniorcaramels,1
11,keeblerfudgestripes,2.06
11,keeblerrainbowcookies,1.91
11,kettlejalapenochips,1.05
11,kettlesaltvinegarchips,1.63
11,kitkat,1.52
11,kitkatwhitechocolate,1.45
11,laffytaffysourapple,2.13
11,layscheesygarlicbread,2.48
11,laysclassic,1.01
11,layssourcreamandonion,1.94
11,lindtdarkchocolate,1.63
11,lindtmilkchocolate,1.56
11,mmsmint,0.03
11,mmspeanuts,1.35
11,mmspretzel,2.07
11,mikeikezours,2.44
11,milanocookies,1.69
11,milkduds,1.68
11,milkyway,1.52
11,milkywaydark,1.71
11,munchiesnachocheese,3.05
11,munchiespeanutbutter,1.43
11,nerdsstrawberrygrape,1.43
11,oreos,0.89
11,popcornersjalapeno,1.73
11,popcornerswhitecheddar,1.44
11,popcornwhitecheddar,2.04
11,pringlesoriginal,0.98
11,pringlessourcreamonion,1.08
11,raisinetsmilkchocolate,1.48
11,razzles,0.48
11,reesespeanutbuttercup,1.65
11,ritzbitspeanutbutter,1.62
11,rufflescheddarsourcreamchips,1.89
11,shockers,1.06
11,skittles,1.03
11,skittlewildberry,2.23
11,slimjim,1.03
11,snickers,1.33
11,snickersalmond,1.98
11,snickersdarkchocolate,1.3
11,snickerspeanutbutter,0.86
11,snydershoneymustardonionnibblerpretzels,2.48
11,snydersminipretzels,1.74
11,snyderspretzelsticks,1.95
11,sourpatchkids,1.94
11,sourpunchstrawsstrawberry,2.52
11,starburst,2.45
11,starbursttropical,1.02
11,sunchipscheddar,1.02
11,sunchipsfrenchonion,2.45
11,sunchipsgardensalsa,1.01
11,sunchipsoriginal,1.53
11,swedishfish,2.43
11,swedishfishassorted,1.38
11,trailmix,1.69
11,twix,0.06
11,twixpeanutbutter,1.04
11,warheads,0.87
11,whoppers,2.44
11,yorkpeppermintpatty,1.07
12,100grand,1.49
12,3musketeers,3.02
12,airheadsblueraspberry,2.01
12,airheadsgreenapple,1.48
12,airheadswatermelon,1.5
12,almondjoy,2.5
12,blowpopsourapple,2
12,blowpopwatermelon,1
12,bunchacrunch,1.15
12,butterfinger,0.52
12,butterfingerbites,2.01
12,cheesepeanutbuttercrackers,1.5
12,cheetoscrunchy,1
12,cheezit,1.51
12,chexmixcheddar,0.48
12,chipsahoy,1.5
12,combospizzeria,0.5
12,crunch,1
12,doritoscoolranch,0.48
12,doritosnachocheese,2
12,dovecaramelmilkchocolate,0.98
12,dovedarkchocolatebites,0.53
12,famousamos,0.49
12,fritos,0.5
12,fritosbbq,2.53
12,ghirardellicaramelsquares,0.53
12,ghirardellidarkchocolatesquares,1
12,ghirardellimilkchocolatesquares,1.98
12,gobstoppers,0.49
12,goldfishcheddar,2.5
12,grandmaschocolatechipcookies,0.56
12,grandmasoatmealraisincookies,1.51
12,grandmaspeanutbuttercookies,0.57
12,heathbar,0.5
12,hostesschocolatedonuts,1.48
12,hostesscupcakes,1.5
12,hostesspowdereddonut,2.01
12,juniorcaramels,0.04
12,keeblerfudgestripes,0.5
12,keeblerrainbowcookies,0.51
12,kettlebbqchips,1
12,kettlesaltpepperchips,0.49
12,kettlesaltvinegarchips,3.01
12,kitkat,0.48
12,layscheesygarlicbread,0.49
12,laysdillpickle,0.72
12,layssourcreamandonion,0.99
12,layssweetsouthernheatbarbecue,0.97
12,lifesaversgummies,0.49
12,lindtdarkchocolate,1.99
12,mmsmilkchocolate,0.31
12,mmsmint,0.98
12,mmspeanuts,2
12,mmspretzel,2.99
12,mentosrainbow,1.51
12,mikeikezours,2.53
12,milanocookies,0.48
12,milkduds,2.01
12,milkyway,1.51
12,milkywaydark,1.49
12,munchiesjalapenocheddar,1.01
12,munchiesnachocheese,0.52
12,munchiespeanutbutter,0.5
12,nerdsstrawberrygrape,1.99
12,oreosgolden,0.96
12,pez,1.48
12,popcornersjalapeno,0.51
12,popcornerskettle,0.92
12,popcornerswhitecheddar,1.99
12,popcornwhitecheddar,2.51
12,pringlescheddar,1.49
12,pringlessourcreamonion,1.98
12,raisinetsmilkchocolate,2.02
12,razzles,1.02
12,reesespeanutbuttercup,1.51
12,ritzbitspeanutbutter,0.48
12,rufflescheddarsourcreamchips,0.5
12,runts,1.51
12,skittlewildberry,2.48
12,snickersalmond,0.5
12,snickerspeanutbutter,0.49
12,snydershoneymustardonionnibblerpretzels,0.98
12,snydersoriginalnibblers,0.54
12,snyderspretzelsticks,1
12,spree,1.5
12,starburst,2.53
12,starbursttropical,1.01
12,sunchipsgardensalsa,3
12,sunchipsoriginal,1.5
12,swedishfish,1.98
12,take5,0.51
12,warheads,0.19
12,yorkpeppermintpatty,1.98
13,100grand,1.53
13,airheadscherry,1.51
13,airheadswatermelon,1.98
13,almondjoy,1.02
13,babyruth,1.02
13,blowpopsourapple,1.48
13,blowpopwatermelon,1.89
13,butterfingerbites,1.95
13,caramelapplepops,1.94
13,cheesepeanutbuttercrackers,3.03
13,cheetospuffs,1.98
13,cheezit,1.51
13,cheezitwhitecheddar,1.02
13,chexmixcheddar,1.47
13,chexmixtraditional,0.98
13,chipsahoy,1.03
13,combospizzeria,0.93
13,doritoscoolranch,0.48
13,doritosnachocheese,0.96
13,doritospicychili,2.98
13,dots,0.01
13,dovecaramelmilkchocolate,1
13,dovedarkchocolatebites,2.89
13,dovemilkpeanutbutterbites,2.01
13,fritos,1.44
13,fritosbbq,0.96
13,funyuns,1.44
13,ghirardellicaramelsquares,2.07
13,ghirardellimilkchocolatesquares,0.91
13,giantsweetarts,1.97
13,gobstoppers,1.51
13,grandmaschocolatechipcookies,2
13,grandmasoatmealraisincookies,1.51
13,heathbar,1.5
13,hostesscupcakes,0.98
13,hostesspowdereddonut,1.49
13,keeblerfudgestripes,2.98
13,kettlebbqchips,0.93
13,kettlejalapenochips,1.37
13,kettlesaltpepperchips,0.54
13,kitkat,2.1
13,kitkatwhitechocolate,1.97
13,laffytaffysourapple,1.96
13,laysclassic,2.97
13,laysdillpickle,2.98
13,layssourcreamandonion,2
13,layssweetsouthernheatbarbecue,1.27
13,lifesaversgummiessours,0.99
13,lindtdarkchocolate,2.48
13,mmsmilkchocolate,1.48
13,mmsmint,1.04
13,mmspeanuts,1.82
13,mmspretzel,2.03
13,mentosrainbow,1.95
13,mikeikezours,0.21
13,milkduds,2.57
13,milkywaycaramel,0.05
13,milkywaydark,3.18
13,munchiesjalapenocheddar,1.45
13,munchiespeanutbutter,0.5
13,nerdsrope,1.5
13,nerdsstrawberrygrape,2.86
13,oreos,3.04
13,oreosgolden,2.46
13,popcornersjalapeno,0.47
13,popcornerskettle,1.48
13,popcornerswhitecheddar,0.48
13,popcornwhitecheddar,2.06
13,pringlescheddar,1.56
13,pringlesoriginal,2.46
13,pringlessourcreamonion,0.59
13,raisinetsmilkchocolate,2.5
13,razzles,1.5
13,reesesbigcup,1.06
13,reesespeanutbuttercup,2.93
13,ritzbitscheese,1.99
13,roldgoldtinytwistpretzels,1.03
13,runts,2.96
13,shockers,1.46
13,skittles,1.98
13,skittlessours,1
13,skittlestropical,1.48
13,skittlewildberry,1.46
13,snickers,2.4
13,snickersalmond,1.03
13,snickersdarkchocolate,1.53
13,snydershoneymustardonionnibblerpretzels,1.48
13,snydersminipretzels,2
13,spree,2.99
13,starburst,1.05
13,starbursttropical,1.53
13,sunchipsgardensalsa,2.22
13,sunchipsoriginal,1.44
13,swedishfish,0.94
13,swedishfishassorted,1
13,take5,2.57
13,trailmix,1.47
13,twixpeanutbutter,2.95
13,whoppers,2.01
13,yorkpeppermintpatty,2.49
14,100grand,2
14,airheadsgreenapple,1.99
14,airheadswatermelon,0.51
14,babyruth,0.5
14,blowpopblueraspberry,1.5
14,blowpopcherry,0.98
14,caramelapplepops,1.27
14,cheezit,0.52
14,chexmixtraditional,0.5
14,comboscheddar,0.76
14,doritosnachocheese,0.99
14,dovemilkpeanutbutterbites,0.99
14,famousamos,2
14,fritos,0.32
14,ghirardellicaramelsquares,0.51
14,giantsweetarts,0.49
14,goldfishcheddar,0.49
14,grandmaschocolatechipcookies,1.04
14,grandmasoatmealraisincookies,1.51
14,gummywormssour,1.02
14,keeblerrainbowcookies,1.5
14,kettlesaltvinegarchips,0.51
14,kitkat,1.02
14,laffytaffysourapple,1.01
14,layscheesygarlicbread,0.48
14,laysclassic,1.51
14,laysdillpickle,0.5
14,layssourcreamandonion,1.01
14,lifesaversgummiessours,0.51
14,mmsmint,0.49
14,mmspretzel,0.48
14,mentosrainbow,1
14,milanocookies,1.5
14,munchiesjalapenocheddar,1
14,munchiesnachocheese,1.49
14,munchiespeanutbutter,0.5
14,nerdsrope,0.23
14,nerdsstrawberrygrape,1.51
14,oreosgolden,1.5
14,pez,0.99
14,popcornerskettle,1.5
14,pringlessourcreamonion,0.51
14,raisinetsmilkchocolate,1.49
14,reesespieces,0.99
14,ritzbitscheese,0.5
14,shockers,0.49
14,skittlessours,0.99
14,skittlewildberry,0.5
14,slimjim,1.48
14,snickerspeanutbutter,1.99
14,spree,1.5
14,starbursttropical,1
14,sunchipsfrenchonion,0.98
14,swedishfish,0.98
14,swedishfishassorted,1
14,trailmix,0.49
14,twix,1
14,twixpeanutbutter,1
14,warheads,1.51
14,whoppers,1.5
15,100grand,0.99
15,3musketeers,0.5
15,airheadsblueraspberry,1.51
15,babyruth,1
15,blowpopcherry,1
15,blowpopsourapple,1
15,blowpopwatermelon,1.5
15,bunchacrunch,1.51
15,caramelapplepops,1
15,cheetospuffs,0.53
15,cheezit,1
15,cheezitwhitecheddar,1
15,chexmixcheddar,0.99
15,chexmixtraditional,0.01
15,chipsahoy,0.99
15,comboscheddar,1
15,combospizzeria,0.48
15,doritoscoolranch,0.5
15,doritosnachocheese,1
15,doritospicychili,0.99
15,dots,1
15,dovecaramelmilkchocolate,0.5
15,dovedarkchocolatebites,1
15,dovemilkpeanutbutterbites,0.5
15,fritos,0.99
15,fritosbbq,0.51
15,ghirardellicaramelsquares,0.5
15,ghirardellidarkchocolatesquares,1.51
15,giantsweetarts,0.49
15,goobers,0.99
15,grandmasoatmealraisincookies,1.5
15,grandmaspeanutbuttercookies,0.5
15,gummywormssour,0.99
15,heathbar,1
15,hostesspowdereddonut,1
15,juniorcaramels,1.5
15,juniormints,1.49
15,keeblerfudgestripes,1
15,keeblerrainbowcookies,1
15,kettlebbqchips,0.51
15,kettlejalapenochips,1
15,kettlesaltpepperchips,0.49
15,kitkat,0.49
15,laffytaffysourapple,1.01
15,layscheesygarlicbread,1
15,laysclassic,0.52
15,layssweetsouthernheatbarbecue,0.5
15,lifesaversgummies,0.99
15,lifesaversgummiessours,0.98
15,lindtdarkchocolate,1.01
15,lindtmilkchocolate,0.99
15,mmsmilkchocolate,0.5
15,mmsmint,0.01
15,mmspeanuts,0.51
15,mmspretzel,1
15,milkduds,1
15,milkyway,1.5
15,milkywaycaramel,1.01
15,milkywaydark,1.51
15,munchiesjalapenocheddar,1.5
15,munchiespeanutbutter,0.49
15,nerdsstrawberrygrape,1
15,oreos,1
15,pez,0.5
15,pringlessourcreamonion,1.5
15,raisinetsmilkchocolate,0.99
15,reesesbigcup,1.01
15,reesespieces,0.5
15,ritzbitscheese,0.98
15,ritzbitspeanutbutter,0.5
15,rufflescheddarsourcreamchips,0.01
15,runts,0.98
15,skittles,0.99
15,skittlessours,1
15,skittlestropical,0.5
15,skittlewildberry,1.49
15,slimjim,0.5
15,snickers,1.5
15,snickersdarkchocolate,1
15,snickerspeanutbutter,1
15,snydershoneymustardonionnibblerpretzels,2
15,snydersoriginalnibblers,0.5
15,snyderspretzelsticks,0.99
15,sourpatchkids,0.5
15,sourpunchstrawsstrawberry,1
15,spree,1.5
15,starburst,1
15,starbursttropical,0.99
15,sunchipscheddar,1.01
15,sunchipsgardensalsa,0.5
15,sunchipsoriginal,1
15,swedishfish,1
15,swedishfishassorted,1.48
15,take5,1.5
15,trailmix,0.49
15,twix,1.01
15,twixpeanutbutter,1.48
15,yorkpeppermintpatty,1
16,airheadsblueraspberry,1.99
16,airheadscherry,1.02
16,airheadsgreenapple,3.01
16,airheadswatermelon,0.99
16,almondjoy,1.99
16,babyruth,1.5
16,blowpopblueraspberry,1.49
16,blowpopcherry,1.49
16,blowpopsourapple,2.53
16,blowpopwatermelon,1.48
16,caramelapplepops,2.5
16,cheesepeanutbuttercrackers,1.99
16,cheetospuffs,2.5
16,cheezit,1.51
16,cheezitwhitecheddar,0.98
16,chexmixtraditional,2.01
16,chipsahoy,1.98
16,crunch,3.48
16,doritoscoolranch,1.97
16,doritosnachocheese,0.99
16,dots,1.5
16,dovedarkchocolatebites,2.48
16,dovemilkpeanutbutterbites,2.5
16,famousamos,1.98
16,fritos,1.01
16,fritosbbq,2.99
16,funyuns,1.99
16,ghirardellidarkchocolatesquares,1.99
16,goldfishcheddar,1.98
16,goobers,2.52
16,grandmaschocolatechipcookies,2.52
16,grandmaspeanutbuttercookies,1.99
16,hostesscupcakes,2
16,hostesspowdereddonut,0.5
16,juniormints,2.99
16,keeblerfudgestripes,2.5
16,keeblerrainbowcookies,1.73
16,kettlejalapenochips,1.76
16,kettlesaltpepperchips,1.5
16,kettlesaltvinegarchips,0.5
16,kitkat,0.83
16,laffytaffysourapple,1.98
16,layscheesygarlicbread,1.98
16,laysclassic,1.01
16,layssweetsouthernheatbarbecue,0.52
16,lifesaversgummies,2
16,lindtdarkchocolate,1.48
16,lindtmilkchocolate,1.03
16,mmspeanuts,2
16,mmspretzel,1.49
16,mentosrainbow,1.98
16,mikeikezours,0.99
16,milkduds,1.5
16,milkyway,1.49
16,milkywaycaramel,2.99
16,milkywaydark,1.49
16,munchiespeanutbutter,1.49
16,nerdsrope,0.52
16,oreos,1.99
16,popcornersjalapeno,1.5
16,popcornerskettle,1.51
16,popcornwhitecheddar,1.02
16,pringlescheddar,1.5
16,pringlesoriginal,2.5
16,pringlessourcreamonion,1.5
16,raisinetsmilkchocolate,1.49
16,reesespieces,1.98
16,ritzbitscheese,3.18
16,roldgoldtinytwistpretzels,1.5
16,shockers,1
16,skittles,1.01
16,skittlessours,2.51
16,skittlestropical,1.5
16,skittlewildberry,2
16,slimjim,1.5
16,snickersalmond,2.5
16,snickersdarkchocolate,2
16,snickerspeanutbutter,1.01
16,snydershoneymustardonionnibblerpretzels,1.5
16,snydersminipretzels,2.01
16,sourpunchstrawsstrawberry,1.01
16,spree,1
16,sunchipsfrenchonion,1.5
16,sunchipsgardensalsa,2
16,sunchipsoriginal,2.49
16,swedishfish,1.99
16,take5,2.5
16,toblerone,0.5
16,trailmix,1.49
16,twixpeanutbutter,1.5
16,warheads,1.96
16,whoppers,0.99
16,yorkpeppermintpatty,1.51
17,100grand,1.49
17,airheadscherry,1.53
17,babyruth,1.47
17,blowpopblueraspberry,1.49
17,bunchacrunch,1.5
17,butterfinger,2.49
17,cheesepeanutbuttercrackers,2.48
17,cheezitwhitecheddar,1.01
17,chipsahoy,0.5
17,comboscheddar,3.03
17,combospizzeria,2.49
17,doritoscoolranch,0.51
17,doritosnachocheese,0.5
17,doritospicychili,1
17,dovecaramelmilkchocolate,0.98
17,dovemilkpeanutbutterbites,1.03
17,funyuns,0.97
17,ghirardellidarkchocolatesquares,0.98
17,gobstoppers,2.48
17,goldfishcheddar,1.53
17,goobers,1.01
17,grandmaschocolatechipcookies,0.98
17,grandmasoatmealraisincookies,1.48
17,gummywormssour,0.99
17,hostesschocolatedonuts,0.99
17,hostesscupcakes,0.48
17,hostesspowdereddonut,0.5
17,juniorcaramels,2.52
17,juniormints,1.52
17,keeblerfudgestripes,1.99
17,kettlebbqchips,2.5
17,kettlejalapenochips,1.48
17,kettlesaltvinegarchips,0.98
17,kitkat,1
17,laffytaffysourapple,0.51
17,layscheesygarlicbread,1
17,laysclassic,1.02
17,laysdillpickle,2.02
17,layssweetsouthernheatbarbecue,1.49
17,lifesaversgummies,1.49
17,lifesaversgummiessours,1.51
17,mmspeanuts,1.49
17,mentosrainbow,1.48
17,mikeikezours,1.06
17,milanocookies,1.01
17,munchiesjalapenocheddar,0.98
17,munchiesnachocheese,1.02
17,munchiespeanutbutter,2.48
17,nerdsrope,2.48
17,oreos,0.55
17,pez,0.52
17,popcornersjalapeno,1.5
17,popcornerskettle,1.49
17,popcornwhitecheddar,0.5
17,pringlessourcreamonion,1.48
17,razzles,1.02
17,reesesbigcup,0.98
17,reesespeanutbuttercup,1.47
17,reesespieces,0.99
17,ritzbitscheese,1.5
17,roldgoldtinytwistpretzels,2.01
17,rufflescheddarsourcreamchips,1.01
17,shockers,3.01
17,skittlewildberry,2.49
17,slimjim,1
17,snickers,0.5
17,snickersalmond,0.99
17,snickerspeanutbutter,1.5
17,sourpunchstrawsapple,2
17,spree,0.96
17,starburst,0.99
17,sunchipsfrenchonion,3.02
17,swedishfish,0.99
17,toblerone,1.53
17,trailmix,1.01
17,twizzlersstrawberry,0.99
17,whoppers,1
17,yorkpeppermintpatty,0.5
18,100grand,0.86
18,airheadsblueraspberry,0.93
18,airheadsgreenapple,1.01
18,airheadswatermelon,0.31
18,almondjoy,0.5
18,babyruth,0.45
18,blowpopblueraspberry,0.89
18,blowpopcherry,0.81
18,cheesepeanutbuttercrackers,0.48
18,cheetoscrunchy,0.42
18,cheetospuffs,0.51
18,cheezit,0.79
18,cheezitwhitecheddar,0.65
18,chexmixcheddar,0.13
18,chexmixtraditional,0.49
18,comboscheddar,0.23
18,combospizzeria,0.5
18,doritoscoolranch,0.11
18,doritosnachocheese,0.36
18,dovecaramelmilkchocolate,0.74
18,dovedarkchocolatebites,0.52
18,famousamos,0.51
18,fritos,1
18,ghirardellicaramelsquares,0.55
18,ghirardellidarkchocolatesquares,0.49
18,ghirardellimilkchocolatesquares,0.5
18,giantsweetarts,0.5
18,goldfishcheddar,1.01
18,grandmaspeanutbuttercookies,0.82
18,hostesscupcakes,0.75
18,juniorcaramels,0.48
18,juniormints,0.18
18,keeblerfudgestripes,0.11
18,keeblerrainbowcookies,0.47
18,kettlebbqchips,0.76
18,kettlejalapenochips,0.7
18,kitkatwhitechocolate,1
18,laffytaffysourapple,1
18,laysdillpickle,0.98
18,layssourcreamandonion,0.15
18,layssweetsouthernheatbarbecue,0.58
18,lifesaversgummiessours,1
18,lindtdarkchocolate,0.85
18,mmsmilkchocolate,1.07
18,mmsmint,0.36
18,mentosrainbow,0.36
18,mikeikezours,0.41
18,milanocookies,0.31
18,milkyway,0.88
18,milkywaycaramel,0.46
18,milkywaydark,0.86
18,munchiesjalapenocheddar,0.73
18,munchiesnachocheese,0.2
18,munchiespeanutbutter,0.5
18,nerdsrope,0.51
18,nerdsstrawberrygrape,0.8
18,oreos,0.09
18,pez,0.17
18,popcornersjalapeno,1
18,popcornerskettle,0.18
18,popcornwhitecheddar,0.99
18,pringlesoriginal,0.17
18,pringlessourcreamonion,1
18,raisinetsmilkchocolate,0.68
18,reesespeanutbuttercup,0.09
18,reesespieces,0.88
18,ritzbitspeanutbutter,0.85
18,rufflescheddarsourcreamchips,0.46
18,shockers,0.51
18,skittles,0.56
18,skittlessours,0.42
18,skittlestropical,0.48
18,snickerspeanutbutter,0.31
18,snydershoneymustardonionnibblerpretzels,0.19
18,snydersminipretzels,0.72
18,snyderspretzelsticks,0.83
18,sourpatchkids,0.42
18,sourpunchstrawsapple,0.45
18,starbursttropical,0.48
18,sunchipscheddar,0.34
18,sunchipsfrenchonion,0.08
18,sunchipsgardensalsa,0.27
18,sunchipsoriginal,0.36
18,swedishfish,0.35
18,swedishfishassorted,0.13
18,take5,0.5
18,twix,0.32
18,twizzlersstrawberry,0.84
18,warheads,0.48
18,whoppers,0.35
19,100grand,1.05
19,airheadscherry,0.4
19,airheadsgreenapple,0.48
19,babyruth,0.98
19,blowpopblueraspberry,0.45
19,blowpopsourapple,0.43
19,blowpopwatermelon,0.85
19,bunchacrunch,0.41
19,butterfinger,1.01
19,butterfingerbites,0.7
19,caramelapplepops,0.57
19,cheezit,0.48
19,cheezitwhitecheddar,0.93
19,chexmixtraditional,0.98
19,comboscheddar,0.28
19,crunch,0.38
19,doritosnachocheese,0.74
19,doritospicychili,0.99
19,dots,0.15
19,dovedarkchocolatebites,0.07
19,famousamos,0.76
19,funyuns,1.01
19,ghirardellicaramelsquares,0.15
19,ghirardellidarkchocolatesquares,1.26
19,giantsweetarts,0.79
19,goobers,0.53
19,grandmaschocolatechipcookies,0.36
19,grandmasoatmealraisincookies,0.35
19,grandmaspeanutbuttercookies,1.18
19,gummywormssour,0.18
19,heathbar,0.62
19,hostesschocolatedonuts,0.66
19,hostesscupcakes,0.12
19,juniorcaramels,0.77
19,keeblerfudgestripes,0.96
19,keeblerrainbowcookies,0.49
19,kettlebbqchips,0.38
19,kettlejalapenochips,0.65
19,kettlesaltvinegarchips,0.8
19,kitkat,1.09
19,kitkatwhitechocolate,0.51
19,laffytaffysourapple,0.72
19,layscheesygarlicbread,0.18
19,laysdillpickle,0.95
19,layssweetsouthernheatbarbecue,0.08
19,lifesaversgummies,0.13
19,lifesaversgummiessours,1.58
19,lindtdarkchocolate,0.79
19,mmsmilkchocolate,0.75
19,mmsmint,1.66
19,mmspeanuts,0.04
19,mentosrainbow,0.5
19,mikeikezours,0.16
19,milanocookies,1.02
19,milkduds,1.03
19,milkyway,0.89
19,milkywaycaramel,0.57
19,milkywaydark,0.98
19,munchiesjalapenocheddar,0.74
19,munchiespeanutbutter,0.75
19,nerdsstrawberrygrape,0.99
19,oreos,0.92
19,oreosgolden,0.58
19,popcornersjalapeno,0.19
19,popcornerskettle,0.59
19,pringlesoriginal,0.49
19,pringlessourcreamonion,0.11
19,raisinetsmilkchocolate,0.21
19,razzles,0.53
19,reesesbigcup,0.18
19,reesespeanutbuttercup,1
19,reesespieces,0.68
19,ritzbitscheese,0.88
19,ritzbitspeanutbutter,0.04
19,rufflescheddarsourcreamchips,0.99
19,shockers,0.49
19,skittles,0.05
19,skittlestropical,0.11
19,skittlewildberry,0.99
19,slimjim,0.78
19,snickers,1.41
19,snickersalmond,0.09
19,snickersdarkchocolate,0.29
19,snydersminipretzels,0.12
19,snydersoriginalnibblers,0.7
19,sourpunchstrawsapple,0.7
19,sourpunchstrawsstrawberry,0.47
19,starbursttropical,1.45
19,sunchipsfrenchonion,0.3
19,sunchipsgardensalsa,0.49
19,swedishfish,0.26
19,swedishfishassorted,1
19,take5,0.66
19,trailmix,0.18
19,twix,0.08
19,twizzlersstrawberry,0.98
19,warheads,0.98
19,whoppers,0.04
20,3musketeers,0.49
20,airheadsblueraspberry,1.02
20,airheadsgreenapple,1.52
20,almondjoy,2.03
20,babyruth,0.97
20,blowpopblueraspberry,1.51
20,blowpopcherry,1.52
20,blowpopsourapple,0.99
20,blowpopwatermelon,1.52
20,bunchacrunch,1.5
20,butterfingerbites,1.51
20,cheetoscrunchy,1.51
20,cheezit,0.49
20,chexmixtraditional,0.48
20,chipsahoy,1.02
20,combospizzeria,1.52
20,crunch,2.02
20,doritoscoolranch,1.48
20,doritosnachocheese,2.99
20,doritospicychili,1.5
20,dots,2.53
20,dovecaramelmilkchocolate,2.03
20,dovedarkchocolatebites,1.5
20,funyuns,0.49
20,ghirardellidarkchocolatesquares,1.49
20,giantsweetarts,0.49
20,gobstoppers,2
20,goldfishcheddar,1
20,goobers,1.01
20,grandmaschocolatechipcookies,1.02
20,grandmaspeanutbuttercookies,0.97
20,gummywormssour,0.5
20,hostesschocolatedonuts,0.5
20,hostesscupcakes,1.52
20,hostesspowdereddonut,2.01
20,juniorcaramels,2.03
20,juniormints,1.49
20,keeblerfudgestripes,0.48
20,keeblerrainbowcookies,0.99
20,kettlebbqchips,1.5
20,kettlesaltpepperchips,1.49
20,kitkat,0.98
20,kitkatwhitechocolate,2.49
20,laffytaffysourapple,1.51
20,layscheesygarlicbread,1.03
20,laysclassic,1.49
20,layssourcreamandonion,1
20,layssweetsouthernheatbarbecue,0.49
20,lifesaversgummiessours,1.01
20,lindtdarkchocolate,1.49
20,mmsmilkchocolate,1.02
20,mmsmint,0.49
20,mmspretzel,1.5
20,mentosrainbow,0.95
20,milanocookies,1.54
20,milkduds,3.01
20,milkywaycaramel,2.48
20,milkywaydark,1.48
20,munchiesjalapenocheddar,1.48
20,nerdsrope,0.96
20,oreos,1
20,popcornersjalapeno,1.01
20,popcornerskettle,1.51
20,popcornwhitecheddar,2.02
20,pringlescheddar,2.98
20,pringlesoriginal,3
20,pringlessourcreamonion,0.5
20,raisinetsmilkchocolate,2
20,reesesbigcup,1.5
20,reesespeanutbuttercup,1
20,ritzbitspeanutbutter,1.51
20,rufflescheddarsourcreamchips,2
20,runts,1.99
20,shockers,0.49
20,skittlessours,1.52
20,skittlewildberry,1.47
20,snickers,2
20,snickersalmond,3
20,snickerspeanutbutter,0.49
20,snydershoneymustardonionnibblerpretzels,0.48
20,snydersoriginalnibblers,1.01
20,snyderspretzelsticks,0.49
20,sourpatchkids,0.46
20,sourpunchstrawsapple,3.03
20,spree,1.53
20,starburst,0.49
20,starbursttropical,0.52
20,sunchipsfrenchonion,0.93
20,sunchipsgardensalsa,2.48
20,sunchipsoriginal,1.48
20,swedishfish,1.99
20,swedishfishassorted,1.48
20,take5,2
20,toblerone,0.48
20,twixpeanutbutter,3.02
20,twizzlersstrawberry,1.51
20,warheads,1
20,yorkpeppermintpatty,1.5
21,3musketeers,1.08
21,airheadsblueraspberry,2.03
21,airheadscherry,0.49
21,airheadswatermelon,1.01
21,babyruth,0.06
21,blowpopblueraspberry,2.01
21,blowpopcherry,2.01
21,blowpopsourapple,0.99
21,blowpopwatermelon,0.01
21,bunchacrunch,1.01
21,butterfinger,1.5
21,cheetoscrunchy,0.98
21,cheetospuffs,0.49
21,cheezit,0.48
21,cheezitwhitecheddar,0.54
21,chexmixcheddar,1.06
21,combospizzeria,1.99
21,crunch,1.02
21,doritosnachocheese,1.02
21,doritospicychili,0.51
21,dovecaramelmilkchocolate,0.49
21,dovemilkpeanutbutterbites,2.48
21,fritosbbq,1.99
21,ghirardellicaramelsquares,0.49
21,ghirardellimilkchocolatesquares,0.51
21,gobstoppers,0.56
21,goldfishcheddar,1
21,goobers,1.01
21,grandmasoatmealraisincookies,0.56
21,grandmaspeanutbuttercookies,1.6
21,gummywormssour,1
21,heathbar,1.58
21,hostesschocolatedonuts,1
21,hostesscupcakes,1.48
21,hostesspowdereddonut,0.49
21,juniorcaramels,0.51
21,juniormints,1
21,keeblerfudgestripes,0.55
21,kettlejalapenochips,0.99
21,kettlesaltpepperchips,0.01
21,kettlesaltvinegarchips,1.07
21,kitkat,1.03
21,kitkatwhitechocolate,1.12
21,laffytaffysourapple,0.99
21,laysclassic,0.07
21,laysdillpickle,2.52
21,layssweetsouthernheatbarbecue,1.5
21,lifesaversgummies,0.49
21,lifesaversgummiessours,0.48
21,lindtdarkchocolate,1.02
21,mmsmint,1.49
21,mmspeanuts,0.08
21,mikeikezours,0.99
21,milanocookies,1.98
21,milkyway,0.99
21,milkywaycaramel,0.98
21,milkywaydark,0.5
21,munchiesjalapenocheddar,0.51
21,munchiespeanutbutter,0.5
21,nerdsrope,0.62
21,nerdsstrawberrygrape,0.99
21,oreos,2.25
21,oreosgolden,2.08
21,popcornerskettle,1.48
21,pringlescheddar,2
21,pringlesoriginal,1.99
21,pringlessourcreamonion,0.99
21,raisinetsmilkchocolate,1.55
21,razzles,0.53
21,reesespieces,2.12
21,roldgoldtinytwistpretzels,0.48
21,rufflescheddarsourcreamchips,0.98
21,shockers,1.48
21,skittlewildberry,3.15
21,slimjim,0.49
21,snickersdarkchocolate,1.49
21,snickerspeanutbutter,0.49
21,snydershoneymustardonionnibblerpretzels,0.98
21,snydersminipretzels,1.5
21,snydersoriginalnibblers,0.49
21,snyderspretzelsticks,1.48
21,sourpatchkids,0.48
21,sourpunchstrawsapple,1.03
21,spree,0.01
21,starburst,2
21,starbursttropical,0.99
21,sunchipscheddar,1.01
21,sunchipsfrenchonion,3
21,swedishfish,2
21,swedishfishassorted,1.03
21,take5,2.08
21,toblerone,1
21,trailmix,0.99
21,twixpeanutbutter,1.58
21,twizzlersstrawberry,1.1
21,warheads,0.5
21,whoppers,0.5
22,100grand,1
22,3musketeers,0.82
22,airheadsblueraspberry,0.93
22,airheadsgreenapple,0.99
22,airheadswatermelon,1.49
22,blowpopblueraspberry,0.5
22,blowpopwatermelon,1.98
22,butterfinger,0.99
22,caramelapplepops,0.98
22,cheesepeanutbuttercrackers,0.48
22,cheetospuffs,1.03
22,cheezit,0.48
22,cheezitwhitecheddar,0.98
22,chexmixtraditional,0.48
22,chipsahoy,1.02
22,combospizzeria,0.98
22,doritosnachocheese,0.99
22,dots,1.04
22,dovecaramelmilkchocolate,1.01
22,dovedarkchocolatebites,0.49
22,dovemilkpeanutbutterbites,1.01
22,famousamos,0.98
22,fritos,0.5
22,funyuns,1.52
22,ghirardellimilkchocolatesquares,1.03
22,giantsweetarts,0.98
22,gobstoppers,1.98
22,grandmasoatmealraisincookies,0.52
22,grandmaspeanutbuttercookies,0.24
22,gummywormssour,1.01
22,heathbar,1.03
22,hostesscupcakes,1.01
22,juniorcaramels,1
22,juniormints,1.02
22,keeblerrainbowcookies,1
22,kettlesaltvinegarchips,0.69
22,kitkatwhitechocolate,1.02
22,laffytaffysourapple,1.02
22,layscheesygarlicbread,1.02
22,laysdillpickle,0.99
22,lifesaversgummiessours,0.49
22,mmsmilkchocolate,0.98
22,mmspeanuts,0.95
22,mmspretzel,0.97
22,mentosrainbow,1
22,mikeikezours,1.48
22,milanocookies,0.99
22,milkyway,2.49
22,milkywaydark,0.98
22,munchiesjalapenocheddar,1.02
22,munchiesnachocheese,2.01
22,munchiespeanutbutter,0.99
22,nerdsstrawberrygrape,0.55
22,oreos,0.99
22,oreosgolden,1.97
22,popcornersjalapeno,0.49
22,popcornwhitecheddar,0.23
22,pringlesoriginal,0.98
22,raisinetsmilkchocolate,0.98
22,razzles,1
22,reesespieces,1.01
22,ritzbitscheese,1.01
22,ritzbitspeanutbutter,1.3
22,rufflescheddarsourcreamchips,0.98
22,runts,0.95
22,shockers,1
22,skittlessours,0.99
22,skittlestropical,0.98
22,skittlewildberry,0.99
22,slimjim,0.99
22,snickers,0.96
22,snickersalmond,1.02
22,snickersdarkchocolate,1.03
22,snickerspeanutbutter,0.49
22,snydershoneymustardonionnibblerpretzels,1.01
22,snydersminipretzels,1
22,snydersoriginalnibblers,0.54
22,snyderspretzelsticks,1.01
22,sourpatchkids,0.28
22,sourpunchstrawsapple,2.48
22,sourpunchstrawsstrawberry,0.99
22,spree,2.02
22,starburst,1
22,sunchipscheddar,1.01
22,sunchipsfrenchonion,0.51
22,sunchipsoriginal,1.01
22,swedishfish,0.99
22,swedishfishassorted,1.02
22,take5,1.01
22,toblerone,1.49
22,twix,1.48
22,whoppers,0.25
22,yorkpeppermintpatty,1
23,100grand,0.5
23,3musketeers,0.5
23,airheadsblueraspberry,0.98
23,airheadscherry,2.51
23,airheadsgreenapple,1.98
23,babyruth,0.49
23,blowpopblueraspberry,0.5
23,blowpopcherry,0.99
23,blowpopsourapple,0.51
23,blowpopwatermelon,0.49
23,butterfinger,1.05
23,cheesepeanutbuttercrackers,2.04
23,cheetoscrunchy,0.98
23,cheetospuffs,0.49
23,cheezit,0.48
23,cheezitwhitecheddar,2
23,chexmixcheddar,1.49
23,chexmixtraditional,1.48
23,comboscheddar,1.51
23,combospizzeria,2.03
23,doritoscoolranch,1.49
23,doritosnachocheese,2
23,doritospicychili,2
23,dots,0.48
23,dovecaramelmilkchocolate,0.97
23,dovedarkchocolatebites,1.01
23,dovemilkpeanutbutterbites,0.48
23,famousamos,0.48
23,fritos,0.49
23,fritosbbq,0.48
23,ghirardellidarkchocolatesquares,1.99
23,gobstoppers,0.99
23,grandmaspeanutbuttercookies,0.53
23,gummywormssour,1.49
23,heathbar,0.49
23,hostesschocolatedonuts,0.49
23,hostesscupcakes,0.48
23,hostesspowdereddonut,2
23,juniorcaramels,0.5
23,juniormints,1.99
23,keeblerrainbowcookies,1
23,kettlebbqchips,2.5
23,kettlejalapenochips,0.49
23,kettlesaltpepperchips,1.99
23,kettlesaltvinegarchips,0.5
23,laffytaffysourapple,0.5
23,layscheesygarlicbread,0.51
23,laysdillpickle,0.44
23,lifesaversgummies,0.98
23,lifesaversgummiessours,0.49
23,mmsmilkchocolate,1
23,mmsmint,1.02
23,mmspeanuts,1.5
23,mentosrainbow,0.51
23,mikeikezours,0.54
23,milkduds,0.99
23,milkyway,0.5
23,milkywaycaramel,0.5
23,milkywaydark,0.48
23,munchiesnachocheese,0.5
23,nerdsrope,1.53
23,oreos,0.99
23,popcornerskettle,1
23,pringlescheddar,0.98
23,pringlesoriginal,0.43
23,pringlessourcreamonion,0.52
23,raisinetsmilkchocolate,0.98
23,razzles,0.99
23,reesespeanutbuttercup,0.98
23,ritzbitscheese,1.54
23,ritzbitspeanutbutter,1.49
23,roldgoldtinytwistpretzels,1.5
23,rufflescheddarsourcreamchips,1.99
23,runts,0.99
23,skittles,0.49
23,skittlessours,2.01
23,skittlestropical,1.99
23,slimjim,2.49
23,snickers,0.99
23,snickersalmond,1
23,snickersdarkchocolate,0.99
23,snickerspeanutbutter,0.5
23,snydershoneymustardonionnibblerpretzels,0.49
23,snydersminipretzels,1.01
23,snydersoriginalnibblers,0.49
23,snyderspretzelsticks,0.98
23,sourpatchkids,1.5
23,sourpunchstrawsstrawberry,0.99
23,spree,0.49
23,starburst,2
23,sunchipscheddar,0.49
23,sunchipsgardensalsa,1.49
23,sunchipsoriginal,0.47
23,swedishfishassorted,0.5
23,toblerone,0.42
23,trailmix,0.97
23,twix,0.99
23,twixpeanutbutter,1.51
23,twizzlersstrawberry,1
24,100grand,1.5
24,3musketeers,1.28
24,airheadsblueraspberry,1.77
24,airheadscherry,1.23
24,babyruth,1.01
24,blowpopcherry,1.22
24,blowpopsourapple,1
24,butterfinger,0.99
24,butterfingerbites,0.78
24,caramelapplepops,1.51
24,cheezit,0.73
24,chexmixcheddar,1.5
24,chexmixtraditional,0.73
24,comboscheddar,2.22
24,combospizzeria,1.24
24,crunch,1.25
24,doritosnachocheese,1.49
24,dovedarkchocolatebites,1.5
24,dovemilkpeanutbutterbites,1.5
24,famousamos,0.76
24,fritos,0.99
24,ghirardellicaramelsquares,0.98
24,giantsweetarts,0.75
24,gobstoppers,0.24
24,grandmasoatmealraisincookies,0.99
24,grandmaspeanutbuttercookies,0.76
24,heathbar,0.5
24,hostesschocolatedonuts,0.72
24,juniorcaramels,0.71
24,kettlebbqchips,1
24,kettlejalapenochips,0.5
24,kettlesaltvinegarchips,0.5
24,laffytaffysourapple,1.83
24,layscheesygarlicbread,0.99
24,laysclassic,1.3
24,laysdillpickle,0.72
24,layssweetsouthernheatbarbecue,0.99
24,mmsmilkchocolate,1.5
24,mmsmint,0.5
24,mmspretzel,0.23
24,mentosrainbow,1.5
24,milanocookies,0.99
24,milkywaydark,1.49
24,oreosgolden,0.5
24,popcornersjalapeno,0.99
24,popcornerswhitecheddar,1.27
24,popcornwhitecheddar,1.5
24,pringlescheddar,0.73
24,raisinetsmilkchocolate,0.99
24,razzles,0.99
24,reesesbigcup,0.49
24,ritzbitscheese,1.24
24,roldgoldtinytwistpretzels,1.27
24,shockers,1.49
24,skittlestropical,1.24
24,snickerspeanutbutter,2.51
24,snydersminipretzels,0.8
24,snyderspretzelsticks,0.52
24,sourpatchkids,1
24,spree,0.49
24,sunchipscheddar,0.99
24,sunchipsfrenchonion,1
24,sunchipsgardensalsa,1.5
24,sunchipsoriginal,1
24,swedishfish,1.48
24,take5,0.5
24,toblerone,1.5
24,twix,1.49
24,twizzlersstrawberry,1
24,whoppers,0.99
25,3musketeers,3.01
25,airheadsblueraspberry,1.99
25,airheadscherry,0.98
25,airheadsgreenapple,0.48
25,airheadswatermelon,1.94
25,almondjoy,1.5
25,babyruth,0.96
25,blowpopsourapple,1.01
25,butterfinger,0.94
25,butterfingerbites,1.96
25,caramelapplepops,0.99
25,cheetoscrunchy,1.5
25,cheetospuffs,2.03
25,cheezit,0.94
25,cheezitwhitecheddar,1.03
25,chexmixtraditional,2.03
25,chipsahoy,0.99
25,comboscheddar,0.5
25,crunch,0.97
25,doritoscoolranch,0.45
25,doritospicychili,0.96
25,dots,1.03
25,dovecaramelmilkchocolate,0.97
25,famousamos,1.49
25,fritos,1.05
25,fritosbbq,0.93
25,funyuns,1.06
25,giantsweetarts,1.43
25,gobstoppers,0.99
25,goldfishcheddar,2.01
25,goobers,2.01
25,grandmaschocolatechipcookies,1.99
25,grandmasoatmealraisincookies,0.48
25,heathbar,1.97
25,hostesscupcakes,1.04
25,hostesspowdereddonut,1.48
25,juniorcaramels,1.95
25,juniormints,1.01
25,keeblerfudgestripes,1.53
25,kettlebbqchips,2
25,kettlejalapenochips,1.48
25,kettlesaltpepperchips,1.53
25,kitkat,1.53
25,laffytaffysourapple,1.5
25,laysclassic,1.52
25,laysdillpickle,1.57
25,layssourcreamandonion,1.08
25,layssweetsouthernheatbarbecue,1.54
25,lifesaversgummies,2.53
25,lifesaversgummiessours,2.05
25,lindtdarkchocolate,0.99
25,lindtmilkchocolate,0.48
25,mmsmilkchocolate,1.03
25,mmspeanuts,0.99
25,mikeikezours,2.06
25,milkduds,1.47
25,milkyway,1.48
25,milkywaycaramel,2.07
25,milkywaydark,1.51
25,munchiespeanutbutter,0.98
25,nerdsrope,1.54
25,oreos,0.97
25,pez,1.99
25,popcornerswhitecheddar,2
25,popcornwhitecheddar,0.47
25,pringlescheddar,0.97
25,pringlesoriginal,0.98
25,pringlessourcreamonion,1.53
25,razzles,2.04
25,reesespeanutbuttercup,0.98
25,reesespieces,0.99
25,ritzbitscheese,0.95
25,roldgoldtinytwistpretzels,1.98
25,rufflescheddarsourcreamchips,0.95
25,shockers,1.5
25,skittles,2.05
25,skittlessours,0.99
25,skittlestropical,1.06
25,snickers,1.02
25,snickersalmond,2.48
25,snickersdarkchocolate,0.97
25,snydershoneymustardonionnibblerpretzels,0.51
25,snyderspretzelsticks,1.52
25,sourpatchkids,1
25,sourpunchstrawsapple,3.04
25,sourpunchstrawsstrawberry,1.95
25,spree,1.99
25,starburst,2
25,starbursttropical,1.01
25,sunchipsfrenchonion,1.55
25,swedishfish,1.98
25,take5,1.49
25,trailmix,1.01
25,twix,1.49
25,twixpeanutbutter,0.92
25,warheads,0.94
25,whoppers,2.04
25,yorkpeppermintpatty,2.03
26,3musketeers,1.99
26,airheadsblueraspberry,1.55
26,airheadscherry,1.49
26,airheadswatermelon,1.99
26,almondjoy,1.99
26,babyruth,1.49
26,blowpopblueraspberry,1.46
26,blowpopcherry,0.98
26,blowpopwatermelon,1.01
26,bunchacrunch,2
26,butterfinger,2.02
26,butterfingerbites,1.49
26,cheetoscrunchy,1.99
26,cheetospuffs,1.48
26,cheezit,1.5
26,cheezitwhitecheddar,1.49
26,chipsahoy,1.49
26,combospizzeria,1.99
26,crunch,0.98
26,doritoscoolranch,0.98
26,doritospicychili,1
26,dots,1
26,dovedarkchocolatebites,0.95
26,famousamos,2.47
26,fritos,2.01
26,fritosbbq,0.99
26,gobstoppers,1.46
26,grandmaschocolatechipcookies,3
26,grandmasoatmealraisincookies,1.72
26,grandmaspeanutbuttercookies,1.5
26,gummywormssour,1.48
26,heathbar,1.49
26,hostesschocolatedonuts,1.98
26,hostesscupcakes,2
26,hostesspowdereddonut,1.48
26,juniormints,1.98
26,kettlebbqchips,1
26,kettlesaltpepperchips,1.47
26,kettlesaltvinegarchips,1
26,kitkat,1.27
26,kitkatwhitechocolate,1.47
26,laffytaffysourapple,0.97
26,layscheesygarlicbread,1
26,laysclassic,1
26,laysdillpickle,1.99
26,lifesaversgummies,0.98
26,lifesaversgummiessours,1.49
26,lindtdarkchocolate,1.25
26,mmsmint,1.98
26,mmspeanuts,1.48
26,mmspretzel,1
26,milanocookies,1.47
26,milkyway,1.02
26,milkywaycaramel,2.99
26,milkywaydark,1.98
26,munchiesjalapenocheddar,1.46
26,munchiesnachocheese,2.48
26,oreos,1.46
26,pez,1.74
26,popcornersjalapeno,1.95
26,popcornerskettle,2
26,popcornwhitecheddar,1.71
26,pringlessourcreamonion,1.03
26,raisinetsmilkchocolate,2.48
26,razzles,1.99
26,reesesbigcup,1.02
26,reesespeanutbuttercup,1.46
26,reesespieces,0.97
26,ritzbitscheese,2
26,runts,1.96
26,shockers,1
26,skittles,0.77
26,skittlestropical,1
26,skittlewildberry,1.99
26,snickersdarkchocolate,0.98
26,snickerspeanutbutter,1.5
26,snydershoneymustardonionnibblerpretzels,0.97
26,snydersoriginalnibblers,2.48
26,snyderspretzelsticks,0.77
26,sourpunchstrawsapple,0.98
26,sourpunchstrawsstrawberry,1.18
26,starburst,0.98
26,starbursttropical,0.99
26,sunchipsfrenchonion,0.98
26,sunchipsoriginal,1.49
26,take5,2.49
26,toblerone,1.96
26,trailmix,1.49
26,twixpeanutbutter,1.5
26,twizzlersstrawberry,1.98
26,warheads,1
26,whoppers,1
26,yorkpeppermintpatty,1.48
27,100grand,0.49
27,3musketeers,1.99
27,airheadsblueraspberry,1.99
27,airheadscherry,1.49
27,airheadsgreenapple,1.51
27,almondjoy,0.48
27,babyruth,1.02
27,blowpopblueraspberry,0.49
27,blowpopsourapple,0.99
27,blowpopwatermelon,0.48
27,bunchacrunch,0.51
27,butterfinger,0.99
27,cheetoscrunchy,1.48
27,cheezit,0.5
27,cheezitwhitecheddar,0.49
27,chexmixcheddar,0.5
27,chexmixtraditional,1
27,comboscheddar,0.5
27,combospizzeria,1
27,crunch,1
27,doritoscoolranch,2.5
27,doritosnachocheese,0.49
27,dovecaramelmilkchocolate,1.48
27,dovedarkchocolatebites,0.98
27,dovemilkpeanutbutterbites,0.99
27,funyuns,0.98
27,ghirardellicaramelsquares,1.98
27,ghirardellidarkchocolatesquares,1.49
27,ghirardellimilkchocolatesquares,0.5
27,giantsweetarts,0.98
27,goldfishcheddar,1
27,goobers,0.5
27,grandmaschocolatechipcookies,2
27,grandmasoatmealraisincookies,0.49
27,hostesspowdereddonut,0.49
27,keeblerrainbowcookies,1
27,kettlejalapenochips,0.5
27,kettlesaltvinegarchips,1
27,kitkat,1.5
27,kitkatwhitechocolate,1.49
27,laffytaffysourapple,0.5
27,laysdillpickle,0.02
27,layssourcreamandonion,1.5
27,lifesaversgummies,1.01
27,lifesaversgummiessours,0.99
27,lindtdarkchocolate,0.49
27,lindtmilkchocolate,1.51
27,mmspeanuts,1.49
27,mmspretzel,0.98
27,mikeikezours,0.5
27,milanocookies,1.51
27,milkduds,0.49
27,milkyway,0.5
27,milkywaycaramel,0.5
27,milkywaydark,1.99
27,munchiesjalapenocheddar,1.99
27,munchiesnachocheese,0.5
27,nerdsstrawberrygrape,0.51
27,oreosgolden,0.99
27,pez,1.49
27,popcornersjalapeno,0.5
27,popcornerskettle,1.48
27,popcornerswhitecheddar,0.49
27,popcornwhitecheddar,0.98
27,pringlescheddar,0.15
27,pringlesoriginal,1
27,raisinetsmilkchocolate,0.49
27,razzles,0.49
27,reesesbigcup,1.5
27,reesespeanutbuttercup,0.99
27,ritzbitspeanutbutter,0.5
27,rufflescheddarsourcreamchips,0.5
27,shockers,0.98
27,skittlessours,0.99
27,skittlestropical,0.5
27,skittlewildberry,0.99
27,slimjim,0.5
27,snickersdarkchocolate,2
27,snickerspeanutbutter,0.49
27,snydershoneymustardonionnibblerpretzels,1
27,snydersminipretzels,1
27,snyderspretzelsticks,0.5
27,sourpatchkids,0.5
27,sourpunchstrawsapple,1.5
27,sourpunchstrawsstrawberry,1.49
27,spree,0.99
27,starburst,1.49
27,starbursttropical,1.99
27,sunchipscheddar,0.49
27,sunchipsfrenchonion,1.49
27,sunchipsoriginal,1.99
27,swedishfish,1
27,swedishfishassorted,2.5
27,trailmix,0.99
27,twix,1
27,whoppers,1.5
28,100grand,1.56
28,airheadscherry,1.18
28,airheadsgreenapple,1.5
28,airheadswatermelon,1.08
28,almondjoy,1.12
28,babyruth,1.51
28,blowpopblueraspberry,1.01
28,blowpopcherry,1.05
28,blowpopsourapple,1.94
28,bunchacrunch,2.97
28,butterfinger,1.53
28,butterfingerbites,2.01
28,caramelapplepops,1.59
28,cheesepeanutbuttercrackers,0.66
28,cheetoscrunchy,1.47
28,cheezit,0.97
28,cheezitwhitecheddar,1.98
28,chexmixtraditional,1.51
28,chipsahoy,1.21
28,comboscheddar,0.59
28,combospizzeria,1.09
28,crunch,0.68
28,doritoscoolranch,1.31
28,doritosnachocheese,0.99
28,doritospicychili,1.35
28,dots,0.56
28,dovecaramelmilkchocolate,1.51
28,dovedarkchocolatebites,1.18
28,dovemilkpeanutbutterbites,1.52
28,fritosbbq,1.97
28,ghirardellicaramelsquares,2.03
28,ghirardellidarkchocolatesquares,1.53
28,giantsweetarts,1.4
28,gobstoppers,1.45
28,goldfishcheddar,1.42
28,goobers,1.51
28,grandmaschocolatechipcookies,1.98
28,heathbar,2.05
28,hostesschocolatedonuts,1.04
28,juniormints,1.48
28,keeblerfudgestripes,2.53
28,keeblerrainbowcookies,2.06
28,kettlebbqchips,1.04
28,kettlejalapenochips,1.86
28,kettlesaltpepperchips,1.16
28,kettlesaltvinegarchips,2.04
28,kitkat,1.06
28,kitkatwhitechocolate,1.92
28,laffytaffysourapple,1.6
28,layscheesygarlicbread,1.49
28,layssourcreamandonion,1.73
28,layssweetsouthernheatbarbecue,1.48
28,lifesaversgummiessours,0.93
28,lindtdarkchocolate,1.1
28,lindtmilkchocolate,1.22
28,milkduds,1.5
28,munchiespeanutbutter,1.89
28,nerdsrope,1.98
28,nerdsstrawberrygrape,1.53
28,oreos,1.48
28,pez,1.57
28,popcornersjalapeno,1.08
28,popcornerskettle,1.05
28,popcornerswhitecheddar,1.54
28,pringlescheddar,1.46
28,pringlesoriginal,1.93
28,pringlessourcreamonion,2.56
28,raisinetsmilkchocolate,2.06
28,razzles,2
28,reesesbigcup,2.48
28,reesespeanutbuttercup,1.42
28,reesespieces,2.03
28,runts,1.55
28,shockers,0.59
28,skittles,1.23
28,slimjim,1.54
28,snickers,1.18
28,snickersdarkchocolate,2.63
28,snydershoneymustardonionnibblerpretzels,1.04
28,snydersminipretzels,2.97
28,snydersoriginalnibblers,2.03
28,snyderspretzelsticks,1.03
28,sourpatchkids,1.71
28,sourpunchstrawsapple,1.53
28,spree,1.98
28,starburst,1.59
28,starbursttropical,2.47
28,sunchipsfrenchonion,1.03
28,sunchipsgardensalsa,0.88
28,swedishfish,2.03
28,swedishfishassorted,1.02
28,trailmix,2.53
28,twixpeanutbutter,2.45
28,twizzlersstrawberry,1.49
28,warheads,1.01
28,yorkpeppermintpatty,1.42
29,100grand,0.96
29,3musketeers,1.5
29,airheadsblueraspberry,1.46
29,airheadscherry,0.03
29,almondjoy,1.2
29,babyruth,0.68
29,blowpopblueraspberry,1.31
29,blowpopwatermelon,0.5
29,bunchacrunch,1.95
29,butterfinger,0.12
29,cheesepeanutbuttercrackers,1.06
29,cheetoscrunchy,0.57
29,cheetospuffs,1.47
29,cheezit,0.05
29,chexmixcheddar,0.04
29,chipsahoy,1.03
29,comboscheddar,1.54
29,doritoscoolranch,1.55
29,doritosnachocheese,1.04
29,dovecaramelmilkchocolate,0.47
29,dovedarkchocolatebites,0.41
29,dovemilkpeanutbutterbites,1.56
29,famousamos,0.98
29,fritos,0.06
29,funyuns,1.5
29,ghirardellicaramelsquares,1.99
29,ghirardellidarkchocolatesquares,1.52
29,ghirardellimilkchocolatesquares,0.15
29,giantsweetarts,1.11
29,goldfishcheddar,1.17
29,goobers,0.07
29,grandmasoatmealraisincookies,1.5
29,gummywormssour,0.04
29,heathbar,2
29,hostesschocolatedonuts,0.35
29,hostesspowdereddonut,1.56
29,juniormints,1.2
29,keeblerfudgestripes,1.39
29,keeblerrainbowcookies,1.88
29,kettlebbqchips,0.29
29,kettlesaltpepperchips,1.03
29,layscheesygarlicbread,0.49
29,laysclassic,0.06
29,laysdillpickle,1.61
29,layssourcreamandonion,1.43
29,layssweetsouthernheatbarbecue,1
29,lifesaversgummiessours,1.55
29,lindtmilkchocolate,0.98
29,mmsmilkchocolate,0.01
29,mmsmint,0.93
29,mmspeanuts,1.05
29,mikeikezours,1.4
29,milanocookies,0.13
29,milkduds,0.48
29,milkywaydark,0.51
29,munchiesjalapenocheddar,1.32
29,munchiesnachocheese,0.63
29,munchiespeanutbutter,0.01
29,nerdsrope,0.04
29,nerdsstrawberrygrape,1.38
29,oreos,1.25
29,oreosgolden,0.57
29,popcornersjalapeno,1.02
29,popcornerskettle,1.37
29,popcornerswhitecheddar,0.68
29,popcornwhitecheddar,1.03
29,pringlesoriginal,0.02
29,pringlessourcreamonion,0.55
29,raisinetsmilkchocolate,0.67
29,razzles,0.17
29,reesesbigcup,0.01
29,ritzbitscheese,0.72
29,roldgoldtinytwistpretzels,0.54
29,runts,0.55
29,skittlessours,1.23
29,skittlestropical,1.45
29,snickers,0.07
29,snickersalmond,0.01
29,snickerspeanutbutter,0.01
29,snydershoneymustardonionnibblerpretzels,1.52
29,snydersminipretzels,0.76
29,snydersoriginalnibblers,1.01
29,snyderspretzelsticks,0.06
29,sourpatchkids,0.57
29,sourpunchstrawsapple,1.01
29,spree,0.53
29,starburst,1.37
29,starbursttropical,0.08
29,sunchipscheddar,1.32
29,sunchipsfrenchonion,0.02
29,sunchipsgardensalsa,1.5
29,swedishfish,0.14
29,swedishfishassorted,0.02
29,trailmix,0.08
29,twizzlersstrawberry,0.51
29,warheads,1.02
29,yorkpeppermintpatty,1.07
30,3musketeers,0.19
30,airheadscherry,0.51
30,airheadswatermelon,1.49
30,blowpopblueraspberry,0.52
30,blowpopsourapple,0.52
30,butterfinger,0.48
30,butterfingerbites,1.5
30,caramelapplepops,0.99
30,cheesepeanutbuttercrackers,2.01
30,cheetoscrunchy,0.5
30,cheetospuffs,1.98
30,cheezit,1.21
30,cheezitwhitecheddar,0.74
30,chexmixcheddar,0.18
30,chipsahoy,0.24
30,crunch,1.01
30,doritoscoolranch,0.26
30,dots,0.98
30,dovedarkchocolatebites,1.95
30,fritos,0.48
30,ghirardellicaramelsquares,0.49
30,ghirardellimilkchocolatesquares,1.49
30,giantsweetarts,0.99
30,gobstoppers,0.22
30,goldfishcheddar,2
30,goobers,0.98
30,grandmaschocolatechipcookies,2.99
30,grandmasoatmealraisincookies,1.51
30,gummywormssour,0.24
30,hostesschocolatedonuts,0.48
30,juniormints,0.51
30,keeblerrainbowcookies,2
30,kettlebbqchips,0.5
30,kettlejalapenochips,2.02
30,kettlesaltvinegarchips,1.51
30,kitkatwhitechocolate,0.15
30,layscheesygarlicbread,1.51
30,layssourcreamandonion,0.11
30,layssweetsouthernheatbarbecue,0.17
30,lifesaversgummiessours,0.97
30,lindtdarkchocolate,0.49
30,lindtmilkchocolate,0.25
30,mmspeanuts,1.5
30,mmspretzel,0.32
30,mentosrainbow,1.03
30,mikeikezours,0.81
30,milkduds,0.25
30,milkyway,2
30,milkywaycaramel,1.99
30,munchiesjalapenocheddar,1.23
30,munchiesnachocheese,0.29
30,munchiespeanutbutter,0.99
30,nerdsstrawberrygrape,0.73
30,oreos,1.73
30,oreosgolden,1.5
30,pez,1.22
30,popcornersjalapeno,1.5
30,popcornwhitecheddar,0.49
30,pringlesoriginal,0.23
30,raisinetsmilkchocolate,1.52
30,razzles,0.48
30,reesesbigcup,0.72
30,ritzbitscheese,1.99
30,ritzbitspeanutbutter,2.04
30,rufflescheddarsourcreamchips,0.23
30,runts,0.18
30,shockers,0.99
30,skittlestropical,0.28
30,skittlewildberry,1.64
30,slimjim,0.79
30,snickers,0.51
30,snickersalmond,2.51
30,snickersdarkchocolate,1.5
30,snickerspeanutbutter,1.46
30,snydershoneymustardonionnibblerpretzels,0.18
30,snydersminipretzels,0.74
30,snydersoriginalnibblers,0.27
30,sourpatchkids,1.02
30,sourpunchstrawsapple,0.99
30,sourpunchstrawsstrawberry,0.33
30,starbursttropical,0.51
30,sunchipscheddar,1.49
30,sunchipsoriginal,3.02
30,swedishfish,0.26
30,swedishfishassorted,0.99
30,take5,0.19
30,toblerone,0.54
30,trailmix,1.48
30,twix,0.77
30,twixpeanutbutter,1
30,twizzlersstrawberry,1.19
30,warheads,0.98
30,yorkpeppermintpatty,0.5
31,100grand,0.98
31,3musketeers,2.01
31,airheadsblueraspberry,0.07
31,airheadswatermelon,0.47
31,babyruth,1.49
31,blowpopblueraspberry,1.5
31,blowpopcherry,2
31,blowpopsourapple,0.5
31,blowpopwatermelon,1.01
31,bunchacrunch,0.98
31,caramelapplepops,1.47
31,cheesepeanutbuttercrackers,1.47
31,cheetoscrunchy,1.51
31,cheezitwhitecheddar,1.98
31,chexmixtraditional,0.48
31,chipsahoy,0.49
31,comboscheddar,0.49
31,combospizzeria,0.51
31,crunch,0.48
31,doritoscoolranch,0.98
31,doritosnachocheese,0.51
31,doritospicychili,1.5
31,dots,0.5
31,dovemilkpeanutbutterbites,0.54
31,fritos,1.01
31,fritosbbq,1
31,funyuns,0.5
31,ghirardellicaramelsquares,0.98
31,ghirardellidarkchocolatesquares,1
31,giantsweetarts,0.98
31,gobstoppers,1.03
31,goldfishcheddar,0.98
31,grandmasoatmealraisincookies,0.5
31,grandmaspeanutbuttercookies,1.5
31,hostesschocolatedonuts,0.5
31,hostesspowdereddonut,0.49
31,juniorcaramels,0.01
31,juniormints,0.51
31,keeblerfudgestripes,1.01
31,kettlejalapenochips,1.48
31,kettlesaltpepperchips,1.02
31,kitkat,0.52
31,kitkatwhitechocolate,0.99
31,layscheesygarlicbread,0.5
31,laysclassic,1.99
31,lifesaversgummiessours,0.49
31,lindtdarkchocolate,1.54
31,lindtmilkchocolate,1.01
31,mmsmilkchocolate,1.53
31,mmspretzel,0.48
31,mentosrainbow,1
31,mikeikezours,0.51
31,milanocookies,1.99
31,milkyway,0.5
31,milkywaycaramel,1.01
31,milkywaydark,1.48
31,munchiespeanutbutter,1.03
31,nerdsstrawberrygrape,1.51
31,oreos,1.5
31,oreosgolden,0.99
31,popcornersjalapeno,0.47
31,popcornerskettle,2.51
31,popcornerswhitecheddar,1.01
31,popcornwhitecheddar,1.45
31,pringlescheddar,0.01
31,pringlessourcreamonion,0.98
31,raisinetsmilkchocolate,0.53
31,razzles,1.02
31,reesesbigcup,1.98
31,reesespieces,1
31,roldgoldtinytwistpretzels,0.5
31,rufflescheddarsourcreamchips,0.48
31,skittles,1
31,skittlessours,0.98
31,skittlestropical,1.51
31,skittlewildberry,0.95
31,slimjim,0.98
31,snickers,0.51
31,snickerspeanutbutter,0.49
31,snydershoneymustardonionnibblerpretzels,0.51
31,snydersminipretzels,1.98
31,sourpunchstrawsapple,0.51
31,spree,0.49
31,starburst,0.47
31,starbursttropical,0.49
31,sunchipscheddar,0.53
31,sunchipsfrenchonion,0.04
31,take5,1.48
31,toblerone,1.49
31,twixpeanutbutter,0.52
31,twizzlersstrawberry,0.54
31,warheads,1
31,whoppers,0.48
31,yorkpeppermintpatty,0.5
32,3musketeers,1.49
32,airheadscherry,1.48
32,airheadsgreenapple,1.55
32,almondjoy,0.43
32,babyruth,2.03
32,blowpopcherry,0.98
32,blowpopsourapple,0.47
32,blowpopwatermelon,0.99
32,bunchacrunch,0.99
32,butterfinger,0.17
32,butterfingerbites,1.03
32,caramelapplepops,0.18
32,cheesepeanutbuttercrackers,1.37
32,cheetoscrunchy,1.5
32,cheezit,0.95
32,cheezitwhitecheddar,1.03
32,chexmixtraditional,1
32,chipsahoy,0.56
32,comboscheddar,1
32,combospizzeria,0.52
32,doritoscoolranch,0.96
32,doritospicychili,1.5
32,dovedarkchocolatebites,0.48
32,dovemilkpeanutbutterbites,0.46
32,famousamos,1.82
32,fritos,0.49
32,fritosbbq,1
32,funyuns,0.98
32,ghirardellidarkchocolatesquares,1.49
32,ghirardellimilkchocolatesquares,1.49
32,giantsweetarts,0.98
32,grandmaschocolatechipcookies,1.53
32,grandmasoatmealraisincookies,0.99
32,gummywormssour,1
32,heathbar,0.5
32,hostesschocolatedonuts,1
32,hostesspowdereddonut,1.46
32,juniormints,0.98
32,keeblerfudgestripes,1.01
32,keeblerrainbowcookies,1
32,kettlesaltpepperchips,0.49
32,kettlesaltvinegarchips,1
32,kitkat,0.99
32,kitkatwhitechocolate,1
32,laffytaffysourapple,1.44
32,layscheesygarlicbread,0.5
32,laysclassic,0.99
32,layssourcreamandonion,0.48
32,lifesaversgummiessours,1.7
32,lindtdarkchocolate,0.99
32,mmsmilkchocolate,1.02
32,mmspeanuts,0.48
32,mmspretzel,0.28
32,mentosrainbow,1.95
32,milanocookies,0.51
32,milkywaycaramel,1.99
32,milkywaydark,1.49
32,munchiesjalapenocheddar,1.49
32,munchiespeanutbutter,0.73
32,nerdsstrawberrygrape,1.01
32,oreos,0.98
32,oreosgolden,0.98
32,pez,0.23
32,popcornerskettle,1.5
32,popcornwhitecheddar,0.52
32,pringlescheddar,0.49
32,pringlesoriginal,0.25
32,raisinetsmilkchocolate,1.49
32,razzles,0.98
32,reesesbigcup,0.99
32,ritzbitscheese,2
32,ritzbitspeanutbutter,0.99
32,roldgoldtinytwistpretzels,1
32,shockers,0.47
32,skittlessours,0.98
32,skittlewildberry,1.5
32,slimjim,0.26
32,snickers,0.28
32,snydershoneymustardonionnibblerpretzels,0.52
32,snydersminipretzels,1
32,snyderspretzelsticks,1.38
32,sourpatchkids,1.5
32,sourpunchstrawsapple,0.48
32,sourpunchstrawsstrawberry,0.48
32,starburst,1.5
32,starbursttropical,0.48
32,sunchipsfrenchonion,0.19
32,sunchipsgardensalsa,1.49
32,swedishfishassorted,0.82
32,toblerone,0.99
32,twix,0.89
32,twixpeanutbutter,0.89
32,twizzlersstrawberry,1.02
32,warheads,1.5
32,yorkpeppermintpatty,1.49
33,100grand,1.76
33,airheadsblueraspberry,0.72
33,airheadscherry,1.01
33,almondjoy,0.98
33,babyruth,1.02
33,blowpopblueraspberry,1.51
33,blowpopcherry,0.65
33,blowpopsourapple,1.5
33,bunchacrunch,0.49
33,butterfingerbites,0.48
33,cheesepeanutbuttercrackers,0.91
33,cheetoscrunchy,1.52
33,cheetospuffs,1.2
33,cheezitwhitecheddar,2.02
33,chexmixcheddar,1
33,chexmixtraditional,1.09
33,chipsahoy,1.47
33,comboscheddar,0.76
33,combospizzeria,2.51
33,crunch,1.19
33,doritoscoolranch,1.49
33,doritospicychili,1.68
33,dots,1.4
33,dovecaramelmilkchocolate,1.58
33,dovedarkchocolatebites,0.73
33,dovemilkpeanutbutterbites,0.51
33,fritosbbq,0.52
33,funyuns,1.22
33,giantsweetarts,1.25
33,gobstoppers,1.11
33,grandmasoatmealraisincookies,0.52
33,gummywormssour,0.96
33,hostesscupcakes,0.77
33,juniorcaramels,1.51
33,keeblerfudgestripes,1.5
33,keeblerrainbowcookies,1.48
33,kettlebbqchips,1.5
33,kettlejalapenochips,0.74
33,kitkat,2.48
33,kitkatwhitechocolate,1.51
33,layscheesygarlicbread,0.76
33,laysclassic,0.52
33,laysdillpickle,1.51
33,layssweetsouthernheatbarbecue,1.23
33,lifesaversgummies,1.53
33,lindtdarkchocolate,0.51
33,mmsmilkchocolate,1.03
33,mmsmint,2
33,mmspeanuts,1.03
33,mentosrainbow,1
33,milanocookies,1.01
33,milkduds,2.49
33,milkyway,2.48
33,milkywaycaramel,1.5
33,munchiesjalapenocheddar,1.23
33,munchiesnachocheese,1
33,nerdsrope,2.48
33,nerdsstrawberrygrape,2.01
33,oreosgolden,0.42
33,pez,0.99
33,popcornersjalapeno,0.49
33,popcornerswhitecheddar,1.98
33,popcornwhitecheddar,0.98
33,pringlescheddar,1.02
33,raisinetsmilkchocolate,0.9
33,razzles,0.98
33,reesesbigcup,0.52
33,reesespeanutbuttercup,0.49
33,ritzbitscheese,1.11
33,ritzbitspeanutbutter,3.03
33,roldgoldtinytwistpretzels,1.98
33,runts,0.49
33,shockers,2.47
33,skittles,0.51
33,skittlessours,1.26
33,skittlewildberry,0.49
33,snickersalmond,0.99
33,snydersminipretzels,1
33,snydersoriginalnibblers,2.51
33,sourpatchkids,1.49
33,sourpunchstrawsapple,0.49
33,sourpunchstrawsstrawberry,1.5
33,spree,1.49
33,starbursttropical,0.51
33,sunchipsfrenchonion,0.42
33,sunchipsgardensalsa,2.54
33,sunchipsoriginal,1
33,swedishfishassorted,2.48
33,take5,1
33,toblerone,0.99
33,trailmix,1.21
33,twixpeanutbutter,1.04
33,twizzlersstrawberry,1.53
33,warheads,0.48
33,whoppers,0.53
33,yorkpeppermintpatty,1.49
34,100grand,1.5
34,airheadscherry,0.49
34,babyruth,1.01
34,blowpopcherry,1.51
34,blowpopwatermelon,2.51
34,butterfinger,0.98
34,butterfingerbites,0.5
34,caramelapplepops,0.51
34,cheesepeanutbuttercrackers,0.51
34,cheetoscrunchy,1.51
34,cheetospuffs,2.01
34,cheezit,1.99
34,chexmixtraditional,1.01
34,chipsahoy,0.48
34,combospizzeria,1.98
34,crunch,1.48
34,doritoscoolranch,0.96
34,doritosnachocheese,1.52
34,dovecaramelmilkchocolate,1
34,dovedarkchocolatebites,0.5
34,famousamos,0.5
34,ghirardellimilkchocolatesquares,2.01
34,gobstoppers,0.97
34,goldfishcheddar,2.51
34,hostesscupcakes,2.49
34,hostesspowdereddonut,1.52
34,juniorcaramels,0.96
34,juniormints,0.49
34,keeblerrainbowcookies,1.52
34,kettlejalapenochips,2.01
34,laysdillpickle,1.48
34,layssweetsouthernheatbarbecue,1.49
34,lindtdarkchocolate,1
34,lindtmilkchocolate,2.5
34,mmspretzel,2.01
34,mentosrainbow,0.49
34,milkyway,0.49
34,milkywaydark,2.5
34,munchiesnachocheese,0.48
34,pez,1.5
34,popcornerswhitecheddar,1.49
34,ritzbitscheese,2.51
34,skittles,0.46
34,slimjim,0.5
34,snickers,0.51
34,snickersalmond,3.01
34,snickerspeanutbutter,0.98
34,snydersminipretzels,1.99
34,snydersoriginalnibblers,0.99
34,spree,1.5
34,starburst,2.01
34,sunchipscheddar,1.01
34,sunchipsoriginal,1.01
34,swedishfish,1.02
34,take5,0.98
34,whoppers,0.51
35,3musketeers,0.47
35,airheadsblueraspberry,2.48
35,airheadswatermelon,0.97
35,almondjoy,1.49
35,blowpopblueraspberry,1.03
35,blowpopcherry,1.5
35,blowpopsourapple,1
35,blowpopwatermelon,1.51
35,bunchacrunch,2.48
35,butterfinger,0.97
35,cheetoscrunchy,1.49
35,cheezitwhitecheddar,1.48
35,chexmixcheddar,0.73
35,chipsahoy,1.48
35,combospizzeria,1.98
35,crunch,0.49
35,dovecaramelmilkchocolate,1.33
35,fritos,0.78
35,fritosbbq,0.47
35,funyuns,0.98
35,ghirardellimilkchocolatesquares,0.94
35,giantsweetarts,0.86
35,goldfishcheddar,1.41
35,grandmaspeanutbuttercookies,0.49
35,heathbar,1
35,hostesschocolatedonuts,0.95
35,hostesscupcakes,2.02
35,hostesspowdereddonut,2
35,juniorcaramels,0.99
35,juniormints,0.95
35,kettlesaltvinegarchips,1.49
35,kitkat,1.98
35,laffytaffysourapple,0.76
35,layscheesygarlicbread,0.76
35,laysclassic,1.22
35,layssourcreamandonion,2.02
35,lifesaversgummiessours,1.5
35,lindtdarkchocolate,1.54
35,lindtmilkchocolate,1.5
35,mmsmilkchocolate,1.51
35,mmspeanuts,1.26
35,mmspretzel,2
35,mentosrainbow,1.49
35,mikeikezours,1.98
35,milkduds,2.49
35,milkyway,0.51
35,milkywaycaramel,1.01
35,milkywaydark,1.49
35,munchiesnachocheese,1.49
35,nerdsrope,1.96
35,nerdsstrawberrygrape,0.98
35,popcornersjalapeno,0.66
35,popcornerskettle,1.46
35,popcornerswhitecheddar,1
35,pringlescheddar,1.56
35,pringlesoriginal,2
35,raisinetsmilkchocolate,1.51
35,razzles,1.48
35,reesespeanutbuttercup,0.47
35,roldgoldtinytwistpretzels,2.52
35,shockers,0.49
35,skittles,0.17
35,skittlestropical,1.79
35,skittlewildberry,0.96
35,slimjim,1.56
35,snickers,1.51
35,snickerspeanutbutter,0.61
35,snydersminipretzels,2.02
35,snydersoriginalnibblers,1
35,snyderspretzelsticks,2.01
35,sourpunchstrawsapple,1.51
35,sourpunchstrawsstrawberry,1.51
35,spree,0.46
35,starburst,0.52
35,starbursttropical,1.25
35,sunchipscheddar,1.99
35,sunchipsfrenchonion,1.5
35,sunchipsgardensalsa,1.99
35,swedishfish,1.48
35,swedishfishassorted,1.67
35,toblerone,0.76
35,trailmix,1.29
35,twix,0.99
35,warheads,0.8
36,airheadsblueraspberry,1.03
36,airheadsgreenapple,0.98
36,airheadswatermelon,1.48
36,almondjoy,1.01
36,babyruth,1.48
36,blowpopblueraspberry,1.49
36,blowpopcherry,1.51
36,blowpopsourapple,0.98
36,bunchacrunch,0.49
36,butterfinger,1.49
36,butterfingerbites,1.01
36,caramelapplepops,0.98
36,cheesepeanutbuttercrackers,0.47
36,cheetoscrunchy,1
36,cheetospuffs,0.98
36,cheezit,1.01
36,chexmixtraditional,0.75
36,chipsahoy,0.94
36,comboscheddar,0.51
36,doritoscoolranch,1.01
36,doritosnachocheese,1
36,doritospicychili,1
36,dovecaramelmilkchocolate,1.53
36,dovedarkchocolatebites,1.49
36,fritos,0.98
36,fritosbbq,1.3
36,funyuns,0.49
36,ghirardellicaramelsquares,1.51
36,ghirardellimilkchocolatesquares,0.99
36,gobstoppers,0.98
36,goldfishcheddar,1.24
36,goobers,0.99
36,grandmaschocolatechipcookies,0.68
36,grandmasoatmealraisincookies,0.98
36,grandmaspeanutbuttercookies,1
36,gummywormssour,0.5
36,heathbar,0.49
36,hostesschocolatedonuts,0.75
36,hostesscupcakes,0.99
36,keeblerrainbowcookies,0.49
36,kettlesaltvinegarchips,1.01
36,kitkatwhitechocolate,0.98
36,layscheesygarlicbread,1.46
36,laysdillpickle,1.5
36,layssourcreamandonion,1.02
36,lifesaversgummies,1
36,lindtdarkchocolate,0.49
36,mmsmint,0.5
36,mmspeanuts,1.31
36,mmspretzel,0.98
36,mentosrainbow,0.97
36,mikeikezours,0.99
36,milanocookies,0.96
36,milkduds,1.5
36,milkyway,1.02
36,milkywaycaramel,1.49
36,milkywaydark,1.5
36,munchiesjalapenocheddar,0.99
36,munchiesnachocheese,1
36,nerdsstrawberrygrape,1.5
36,oreos,1.5
36,oreosgolden,0.49
36,popcornerswhitecheddar,1.01
36,popcornwhitecheddar,0.49
36,pringlescheddar,0.97
36,pringlesoriginal,1.48
36,raisinetsmilkchocolate,0.52
36,razzles,0.95
36,reesesbigcup,0.99
36,ritzbitspeanutbutter,1.51
36,rufflescheddarsourcreamchips,0.48
36,runts,0.98
36,shockers,1
36,skittlessours,1.53
36,skittlestropical,1
36,slimjim,1.03
36,snickersalmond,1.49
36,snickerspeanutbutter,0.49
36,snydershoneymustardonionnibblerpretzels,1.03
36,snydersminipretzels,0.49
36,snydersoriginalnibblers,0.99
36,snyderspretzelsticks,0.99
36,sourpatchkids,1.53
36,sourpunchstrawsapple,1
36,starbursttropical,0.99
36,sunchipscheddar,1.52
36,sunchipsfrenchonion,0.99
36,sunchipsgardensalsa,1
36,sunchipsoriginal,1.48
36,swedishfish,0.99
36,take5,0.97
36,trailmix,0.49
36,twix,1.02
36,twixpeanutbutter,0.49
36,twizzlersstrawberry,1.49
36,warheads,0.49
36,whoppers,1.53
36,yorkpeppermintpatty,0.98
37,100grand,0.3
37,3musketeers,0.49
37,airheadsblueraspberry,1.19
37,airheadscherry,1.66
37,airheadsgreenapple,0.3
37,airheadswatermelon,1.76
37,blowpopblueraspberry,0.49
37,blowpopcherry,0.23
37,butterfinger,1
37,caramelapplepops,0.8
37,cheesepeanutbuttercrackers,1.34
37,cheetospuffs,1
37,cheezit,1.3
37,cheezitwhitecheddar,1.31
37,chexmixcheddar,1.02
37,chipsahoy,1.48
37,comboscheddar,0.5
37,doritoscoolranch,0.59
37,doritosnachocheese,0.21
37,dovecaramelmilkchocolate,1.54
37,fritos,1.02
37,fritosbbq,0.08
37,funyuns,0.53
37,ghirardellidarkchocolatesquares,0.16
37,ghirardellimilkchocolatesquares,1.6
37,giantsweetarts,0.29
37,gobstoppers,0.82
37,goldfishcheddar,1.74
37,goobers,1.99
37,grandmaschocolatechipcookies,0.49
37,grandmaspeanutbuttercookies,0.99
37,heathbar,0.77
37,hostesschocolatedonuts,0.23
37,hostesscupcakes,0.66
37,hostesspowdereddonut,0.96
37,juniorcaramels,1
37,juniormints,0.49
37,keeblerfudgestripes,0.26
37,kettlebbqchips,1.47
37,kettlejalapenochips,0.23
37,kettlesaltpepperchips,1.82
37,kettlesaltvinegarchips,1.25
37,kitkat,0.75
37,layscheesygarlicbread,0.16
37,laysdillpickle,2.49
37,layssweetsouthernheatbarbecue,0.28
37,lifesaversgummies,0.02
37,lindtmilkchocolate,1.02
37,mmsmilkchocolate,0.17
37,mmsmint,1
37,mmspretzel,1.95
37,mentosrainbow,1.15
37,milanocookies,1.5
37,milkywaydark,0.72
37,munchiesjalapenocheddar,1.2
37,munchiesnachocheese,1.35
37,munchiespeanutbutter,2.03
37,nerdsrope,1.03
37,nerdsstrawberrygrape,0.17
37,oreos,1.98
37,oreosgolden,0.32
37,pez,0.03
37,popcornersjalapeno,0.59
37,popcornerskettle,1.74
37,popcornerswhitecheddar,1.5
37,popcornwhitecheddar,0.88
37,pringlescheddar,0.73
37,pringlesoriginal,0.49
37,pringlessourcreamonion,1.11
37,reesespieces,0.4
37,ritzbitspeanutbutter,1.26
37,runts,1.48
37,shockers,1.98
37,skittles,0.99
37,skittlewildberry,1.12
37,slimjim,1.32
37,snickers,1.04
37,snickersalmond,0.7
37,snickersdarkchocolate,1.48
37,snickerspeanutbutter,1.98
37,snydershoneymustardonionnibblerpretzels,1.74
37,snydersminipretzels,0.56
37,snyderspretzelsticks,1.76
37,sourpatchkids,0.5
37,sourpunchstrawsstrawberry,1.73
37,spree,0.49
37,starburst,1.71
37,starbursttropical,0.25
37,sunchipsfrenchonion,1.13
37,sunchipsgardensalsa,0.16
37,swedishfishassorted,1.29
37,take5,1.01
37,toblerone,0.68
37,trailmix,0.5
37,twixpeanutbutter,1.48
37,twizzlersstrawberry,1.15
37,warheads,1.08
37,yorkpeppermintpatty,0.51
38,100grand,0.25
38,babyruth,0.48
38,blowpopcherry,0.5
38,butterfingerbites,0.5
38,cheezit,1.01
38,chexmixcheddar,0.5
38,chipsahoy,0.48
38,doritosnachocheese,0.5
38,dovemilkpeanutbutterbites,0.5
38,ghirardellicaramelsquares,0.48
38,ghirardellidarkchocolatesquares,1
38,grandmaspeanutbuttercookies,0.48
38,keeblerrainbowcookies,0.52
38,layssweetsouthernheatbarbecue,0.48
38,mikeikezours,0.49
38,nerdsstrawberrygrape,0.48
38,reesesbigcup,0.49
38,reesespieces,1
38,ritzbitscheese,0.98
38,skittlestropical,0.5
38,slimjim,0.48
38,snickers,0.48
38,snickersalmond,0.5
38,snickerspeanutbutter,0.48
38,sourpatchkids,0.98
38,swedishfishassorted,0.48
38,whoppers,1
39,100grand,1
39,3musketeers,1.23
39,airheadsblueraspberry,0.49
39,airheadsgreenapple,1.29
39,airheadswatermelon,0.81
39,babyruth,0.75
39,blowpopblueraspberry,1
39,blowpopsourapple,0.5
39,blowpopwatermelon,1.99
39,butterfinger,1.51
39,butterfingerbites,1
39,caramelapplepops,1
39,cheesepeanutbuttercrackers,1.23
39,cheetoscrunchy,0.98
39,cheetospuffs,1.49
39,cheezit,0.74
39,cheezitwhitecheddar,0.49
39,chexmixcheddar,0.98
39,chexmixtraditional,0.48
39,chipsahoy,1.29
39,comboscheddar,0.82
39,combospizzeria,0.98
39,crunch,0.99
39,doritoscoolranch,1
39,doritosnachocheese,0.75
39,doritospicychili,1.5
39,dots,0.99
39,dovecaramelmilkchocolate,1.01
39,dovedarkchocolatebites,0.97
39,dovemilkpeanutbutterbites,1.25
39,famousamos,0.87
39,fritosbbq,1
39,ghirardellidarkchocolatesquares,0.77
39,gobstoppers,1.01
39,goldfishcheddar,0.99
39,goobers,1.5
39,grandmasoatmealraisincookies,0.5
39,grandmaspeanutbuttercookies,0.48
39,heathbar,0.73
39,juniorcaramels,0.98
39,juniormints,0.79
39,keeblerrainbowcookies,0.97
39,kettlebbqchips,0.7
39,kettlesaltpepperchips,0.75
39,kettlesaltvinegarchips,1.49
39,kitkat,0.49
39,laffytaffysourapple,2.02
39,layscheesygarlicbread,0.47
39,laysdillpickle,1.01
39,layssourcreamandonion,0.48
39,layssweetsouthernheatbarbecue,1.28
39,lindtdarkchocolate,0.99
39,lindtmilkchocolate,0.99
39,mmsmilkchocolate,0.98
39,mmspeanuts,0.99
39,mentosrainbow,1.01
39,mikeikezours,0.98
39,milanocookies,1.76
39,milkduds,1.27
39,milkywaycaramel,1.02
39,nerdsrope,1
39,popcornersjalapeno,0.99
39,popcornerskettle,0.49
39,popcornerswhitecheddar,0.99
39,popcornwhitecheddar,1.01
39,pringlescheddar,0.99
39,pringlesoriginal,0.51
39,pringlessourcreamonion,1.5
39,reesespeanutbuttercup,1
39,reesespieces,1.81
39,ritzbitscheese,0.75
39,ritzbitspeanutbutter,1.77
39,rufflescheddarsourcreamchips,0.49
39,runts,0.51
39,skittles,0.98
39,skittlessours,1.25
39,skittlestropical,1.51
39,slimjim,1.78
39,snickers,1.23
39,snickersalmond,1.5
39,snickersdarkchocolate,1
39,snickerspeanutbutter,0.77
39,snydersminipretzels,0.74
39,sourpunchstrawsapple,0.99
39,spree,1.24
39,starburst,1.28
39,sunchipscheddar,1.5
39,sunchipsfrenchonion,0.75
39,sunchipsoriginal,0.77
39,swedishfish,0.73
39,take5,0.77
39,twixpeanutbutter,1.75
39,twizzlersstrawberry,0.7
39,warheads,0.47
40,airheadscherry,0.51
40,almondjoy,1.05
40,blowpopcherry,1.5
40,blowpopsourapple,1.04
40,bunchacrunch,1.01
40,butterfinger,0.52
40,cheesepeanutbuttercrackers,1
40,cheetoscrunchy,0.49
40,chexmixtraditional,0.49
40,comboscheddar,1.5
40,combospizzeria,1.57
40,crunch,0.49
40,doritoscoolranch,1.01
40,doritosnachocheese,1
40,doritospicychili,1
40,dovedarkchocolatebites,1.56
40,dovemilkpeanutbutterbites,1.52
40,famousamos,1.53
40,grandmasoatmealraisincookies,1.05
40,grandmaspeanutbuttercookies,1.52
40,heathbar,1.07
40,hostesscupcakes,0.83
40,kettlejalapenochips,0.91
40,kitkat,1.05
40,laffytaffysourapple,1.24
40,laysdillpickle,1.52
40,lifesaversgummiessours,2.01
40,lindtdarkchocolate,1
40,mmsmilkchocolate,1
40,mmspeanuts,0.98
40,mikeikezours,0.99
40,milanocookies,0.5
40,milkduds,1.49
40,milkywaycaramel,1.56
40,munchiesnachocheese,2
40,nerdsstrawberrygrape,1.05
40,oreos,1.06
40,oreosgolden,1.01
40,pez,1.03
40,popcornerskettle,0.99
40,popcornwhitecheddar,2
40,pringlescheddar,1.49
40,pringlesoriginal,1
40,reesesbigcup,2.04
40,reesespieces,0.99
40,ritzbitscheese,0.54
40,roldgoldtinytwistpretzels,1.5
40,runts,0.5
40,skittlewildberry,1.08
40,snickers,0.98
40,snickersdarkchocolate,2.01
40,snickerspeanutbutter,1.12
40,snydersminipretzels,0.49
40,sourpatchkids,1
40,sourpunchstrawsapple,1.52
40,sourpunchstrawsstrawberry,1.44
40,spree,1.08
40,starburst,1.52
40,sunchipsfrenchonion,1
40,swedishfish,1.07
40,swedishfishassorted,1.61
40,toblerone,0.52
40,twixpeanutbutter,0.57
40,twizzlersstrawberry,2.01
41,100grand,0.99
41,3musketeers,1.99
41,airheadsblueraspberry,0.97
41,airheadscherry,0.51
41,airheadsgreenapple,0.45
41,airheadswatermelon,0.99
41,almondjoy,1.48
41,blowpopsourapple,1.01
41,butterfinger,0.99
41,caramelapplepops,0.66
41,cheesepeanutbuttercrackers,1
41,cheetoscrunchy,1.27
41,cheezit,0.82
41,chipsahoy,0.99
41,combospizzeria,1
41,crunch,0.98
41,doritospicychili,0.49
41,dovecaramelmilkchocolate,0.37
41,dovedarkchocolatebites,2.04
41,famousamos,1.52
41,fritos,0.52
41,fritosbbq,0.5
41,ghirardellimilkchocolatesquares,1.02
41,giantsweetarts,0.99
41,gobstoppers,2
41,goldfishcheddar,0.22
41,goobers,1.02
41,grandmaschocolatechipcookies,1.5
41,gummywormssour,1.5
41,hostesschocolatedonuts,0.48
41,hostesscupcakes,1.47
41,hostesspowdereddonut,0.51
41,keeblerfudgestripes,1.5
41,kettlebbqchips,1.01
41,kettlejalapenochips,0.49
41,kettlesaltvinegarchips,0.51
41,kitkat,1.07
41,kitkatwhitechocolate,0.98
41,laffytaffysourapple,0.48
41,laysclassic,1.01
41,laysdillpickle,0.48
41,layssourcreamandonion,0.98
41,lifesaversgummies,0.49
41,lifesaversgummiessours,1.5
41,lindtdarkchocolate,1.47
41,lindtmilkchocolate,1.5
41,mmsmint,1.46
41,mmspeanuts,1.99
41,mmspretzel,0.48
41,milanocookies,0.59
41,milkduds,1.01
41,milkywaydark,1.02
41,munchiesnachocheese,1.01
41,munchiespeanutbutter,1.48
41,nerdsstrawberrygrape,0.56
41,oreosgolden,1.02
41,pez,0.5
41,popcornersjalapeno,1.01
41,popcornerswhitecheddar,1.74
41,popcornwhitecheddar,1.51
41,pringlescheddar,0.79
41,pringlesoriginal,1.48
41,pringlessourcreamonion,1.51
41,razzles,1
41,reesesbigcup,2
41,reesespeanutbuttercup,0.99
41,ritzbitscheese,0.5
41,roldgoldtinytwistpretzels,0.53
41,rufflescheddarsourcreamchips,1.49
41,skittles,1.01
41,skittlestropical,0.99
41,skittlewildberry,0.93
41,snickers,0.49
41,snickersalmond,0.5
41,snydershoneymustardonionnibblerpretzels,1.98
41,snydersminipretzels,1
41,snydersoriginalnibblers,1
41,snyderspretzelsticks,0.51
41,sourpunchstrawsstrawberry,0.99
41,spree,1.01
41,starburst,0.98
41,sunchipscheddar,1.31
41,sunchipsfrenchonion,0.49
41,sunchipsgardensalsa,2
41,sunchipsoriginal,0.47
41,swedishfishassorted,1.01
41,take5,0.99
41,trailmix,0.67
41,twix,1.51
41,twizzlersstrawberry,0.49
41,warheads,1
41,whoppers,1.51
41,yorkpeppermintpatty,1.5
42,airheadsblueraspberry,0.5
42,airheadscherry,0.97
42,airheadsgreenapple,1.49
42,babyruth,0.98
42,blowpopblueraspberry,2.99
42,blowpopcherry,2
42,blowpopsourapple,1.98
42,blowpopwatermelon,1.99
42,butterfingerbites,2.03
42,caramelapplepops,1.05
42,cheesepeanutbuttercrackers,1.02
42,cheetoscrunchy,3.52
42,cheezit,1.51
42,chexmixtraditional,1.99
42,comboscheddar,0.48
42,combospizzeria,1.5
42,doritoscoolranch,1.5
42,doritospicychili,1.98
42,dots,2.02
42,dovecaramelmilkchocolate,1.03
42,dovemilkpeanutbutterbites,0.99
42,ghirardellidarkchocolatesquares,0.5
42,ghirardellimilkchocolatesquares,0.99
42,gobstoppers,1.97
42,goobers,1.98
42,grandmaschocolatechipcookies,0.48
42,grandmasoatmealraisincookies,1.01
42,grandmaspeanutbuttercookies,2.03
42,heathbar,1.04
42,hostesscupcakes,1.5
42,hostesspowdereddonut,1
42,juniormints,2.03
42,keeblerfudgestripes,3.01
42,kettlebbqchips,1
42,kettlesaltpepperchips,0.99
42,kitkat,3
42,kitkatwhitechocolate,3.98
42,laffytaffysourapple,1.49
42,layscheesygarlicbread,1.02
42,laysdillpickle,1.03
42,layssourcreamandonion,2.04
42,lifesaversgummies,1.02
42,lindtdarkchocolate,2.98
42,lindtmilkchocolate,2.07
42,mmsmilkchocolate,0.52
42,mmsmint,1.46
42,mmspeanuts,1.56
42,mmspretzel,1.96
42,mentosrainbow,1.97
42,milkyway,1.04
42,munchiesjalapenocheddar,1.51
42,munchiesnachocheese,2
42,munchiespeanutbutter,2.02
42,nerdsrope,0.48
42,oreos,0.98
42,pez,1.01
42,popcornersjalapeno,0.46
42,popcornerskettle,0.99
42,popcornerswhitecheddar,1.01
42,popcornwhitecheddar,1.5
42,pringlesoriginal,1.99
42,pringlessourcreamonion,2
42,raisinetsmilkchocolate,1.99
42,reesesbigcup,1.48
42,reesespeanutbuttercup,0.98
42,reesespieces,1.04
42,ritzbitscheese,0.5
42,ritzbitspeanutbutter,1.5
42,roldgoldtinytwistpretzels,1.02
42,rufflescheddarsourcreamchips,1.05
42,shockers,1.01
42,skittles,1
42,skittlestropical,0.54
42,skittlewildberry,0.99
42,snickers,2.52
42,snickersalmond,2.03
42,snickersdarkchocolate,2
42,snickerspeanutbutter,4
42,snyderspretzelsticks,1
42,sourpatchkids,0.5
42,sourpunchstrawsapple,1.53
42,sourpunchstrawsstrawberry,1.98
42,spree,0.98
42,sunchipscheddar,1.52
42,sunchipsfrenchonion,1.5
42,swedishfish,0.97
42,swedishfishassorted,1.01
42,toblerone,3
42,trailmix,2.08
42,twix,1.47
42,twixpeanutbutter,3.49
42,twizzlersstrawberry,1.98
42,warheads,1.04
42,whoppers,0.99
42,yorkpeppermintpatty,1.99
43,airheadscherry,2.5
43,airheadsgreenapple,0.92
43,blowpopcherry,1.48
43,blowpopsourapple,0.48
43,butterfingerbites,2.48
43,caramelapplepops,2.16
43,cheetospuffs,1.98
43,cheezit,0.72
43,cheezitwhitecheddar,2.71
43,chexmixcheddar,0.28
43,comboscheddar,1.62
43,crunch,1.01
43,doritoscoolranch,2.48
43,dots,1.75
43,dovedarkchocolatebites,2.72
43,fritos,1.01
43,funyuns,1.01
43,gobstoppers,1.79
43,goldfishcheddar,1.24
43,grandmaspeanutbuttercookies,1.98
43,gummywormssour,0.36
43,heathbar,1.73
43,hostesschocolatedonuts,0.98
43,hostesscupcakes,2.98
43,juniormints,2.49
43,keeblerfudgestripes,2.48
43,kettlesaltvinegarchips,1.94
43,kitkat,0.99
43,kitkatwhitechocolate,0.53
43,layscheesygarlicbread,0.98
43,laysclassic,2.03
43,laysdillpickle,1.02
43,layssweetsouthernheatbarbecue,2.27
43,lindtmilkchocolate,1.47
43,mmspeanuts,2.33
43,mikeikezours,2.99
43,milanocookies,2.97
43,milkyway,3.49
43,milkywaycaramel,1.49
43,milkywaydark,0.5
43,munchiesjalapenocheddar,1.52
43,munchiesnachocheese,1
43,nerdsstrawberrygrape,3.46
43,oreos,1.02
43,pez,2.51
43,popcornersjalapeno,1.01
43,pringlesoriginal,2.24
43,razzles,3.12
43,reesesbigcup,0.73
43,reesespeanutbuttercup,1.6
43,reesespieces,1.01
43,ritzbitscheese,0.99
43,rufflescheddarsourcreamchips,2.1
43,runts,1.27
43,shockers,1.27
43,skittles,1.52
43,skittlestropical,2.49
43,skittlewildberry,2.72
43,slimjim,0.69
43,snickers,2.22
43,snickersalmond,0.99
43,snickersdarkchocolate,1.01
43,snydersoriginalnibblers,1.48
43,sourpatchkids,1.49
43,sourpunchstrawsapple,0.8
43,sourpunchstrawsstrawberry,0.29
43,starbursttropical,1.03
43,sunchipscheddar,2.24
43,sunchipsoriginal,1
43,swedishfish,0.14
43,take5,1.53
43,toblerone,0.74
43,twix,0.88
43,twixpeanutbutter,1.83
43,warheads,2.97
43,whoppers,3.16
44,100grand,1.01
44,3musketeers,0.99
44,airheadscherry,0.29
44,almondjoy,0.01
44,babyruth,0.98
44,blowpopblueraspberry,0.98
44,blowpopcherry,0.76
44,blowpopsourapple,1
44,blowpopwatermelon,1.19
44,butterfinger,0.01
44,butterfingerbites,1
44,caramelapplepops,1.5
44,cheesepeanutbuttercrackers,1.25
44,cheetoscrunchy,0.51
44,cheezit,0.52
44,chexmixcheddar,1.02
44,chexmixtraditional,0.48
44,chipsahoy,1.24
44,combospizzeria,0.27
44,crunch,1.01
44,doritoscoolranch,0.49
44,doritosnachocheese,1.01
44,dots,0.21
44,dovedarkchocolatebites,2.01
44,dovemilkpeanutbutterbites,1.01
44,famousamos,1.48
44,fritos,0.98
44,ghirardellicaramelsquares,1
44,gobstoppers,0.98
44,goldfishcheddar,0.07
44,grandmasoatmealraisincookies,1.51
44,grandmaspeanutbuttercookies,1.01
44,gummywormssour,0.26
44,heathbar,0.51
44,hostesschocolatedonuts,1.49
44,hostesscupcakes,0.52
44,juniormints,1.48
44,keeblerfudgestripes,0.25
44,keeblerrainbowcookies,0.21
44,kettlebbqchips,1.01
44,kettlejalapenochips,1.48
44,kitkat,0.48
44,kitkatwhitechocolate,0.48
44,laffytaffysourapple,0.49
44,layscheesygarlicbread,1.48
44,laysclassic,0.27
44,layssourcreamandonion,0.99
44,lifesaversgummies,0.49
44,lindtmilkchocolate,0.98
44,mmsmilkchocolate,1.01
44,mmspeanuts,0.12
44,mmspretzel,0.47
44,mentosrainbow,1
44,mikeikezours,0.25
44,milanocookies,0.98
44,milkduds,1
44,milkyway,0.99
44,milkywaycaramel,1.03
44,munchiesjalapenocheddar,0.5
44,munchiesnachocheese,1.01
44,munchiespeanutbutter,0.52
44,nerdsrope,0.99
44,oreos,2
44,popcornersjalapeno,2.01
44,popcornerskettle,2.02
44,popcornerswhitecheddar,0.5
44,popcornwhitecheddar,1.98
44,pringlescheddar,2
44,raisinetsmilkchocolate,1
44,razzles,0.5
44,reesesbigcup,0.28
44,reesespieces,1.02
44,ritzbitscheese,1.49
44,ritzbitspeanutbutter,0.5
44,roldgoldtinytwistpretzels,1.01
44,runts,1
44,shockers,1.99
44,skittles,1.02
44,skittlessours,0.22
44,skittlestropical,0.76
44,slimjim,0.73
44,snickers,1.02
44,snickersalmond,1.16
44,snickersdarkchocolate,0.49
44,snickerspeanutbutter,0.49
44,snydershoneymustardonionnibblerpretzels,0.99
44,snyderspretzelsticks,2.5
44,sourpatchkids,0.48
44,sourpunchstrawsstrawberry,1.49
44,spree,1.02
44,starburst,0.99
44,swedishfish,1.02
44,take5,0.99
44,trailmix,0.5
44,twix,0.49
44,twixpeanutbutter,0.49
44,twizzlersstrawberry,0.98
45,3musketeers,0.76
45,airheadsgreenapple,0.73
45,airheadswatermelon,0.99
45,almondjoy,1.51
45,babyruth,0.23
45,blowpopblueraspberry,0.83
45,blowpopsourapple,0.5
45,blowpopwatermelon,0.75
45,butterfinger,0.99
45,butterfingerbites,0.99
45,caramelapplepops,0.5
45,cheetoscrunchy,0.74
45,cheetospuffs,0.5
45,cheezit,0.15
45,cheezitwhitecheddar,0.5
45,chexmixcheddar,0.82
45,chexmixtraditional,0.74
45,comboscheddar,0.23
45,combospizzeria,0.77
45,crunch,0.74
45,doritoscoolranch,1
45,doritosnachocheese,0.51
45,dots,0.24
45,dovecaramelmilkchocolate,0.5
45,dovedarkchocolatebites,0.27
45,ghirardellicaramelsquares,0.27
45,ghirardellimilkchocolatesquares,0.49
45,giantsweetarts,0.49
45,gobstoppers,0.76
45,grandmaschocolatechipcookies,0.81
45,grandmaspeanutbuttercookies,0.74
45,heathbar,0.99
45,hostesschocolatedonuts,0.49
45,hostesspowdereddonut,0.49
45,keeblerfudgestripes,0.77
45,keeblerrainbowcookies,1
45,kettlebbqchips,0.76
45,kettlesaltpepperchips,0.51
45,kettlesaltvinegarchips,1.5
45,kitkat,0.5
45,kitkatwhitechocolate,1.01
45,laffytaffysourapple,0.8
45,laysclassic,0.8
45,laysdillpickle,0.76
45,mmsmilkchocolate,0.74
45,mmsmint,0.9
45,mmspeanuts,0.24
45,mmspretzel,0.76
45,mentosrainbow,0.73
45,mikeikezours,0.76
45,milkywaydark,1.34
45,munchiesjalapenocheddar,0.24
45,nerdsstrawberrygrape,0.5
45,oreosgolden,0.99
45,popcornersjalapeno,0.51
45,popcornerskettle,0.77
45,pringlesoriginal,0.5
45,pringlessourcreamonion,0.49
45,razzles,0.86
45,reesespeanutbuttercup,0.78
45,roldgoldtinytwistpretzels,1
45,runts,1.22
45,shockers,0.77
45,skittles,0.75
45,skittlewildberry,0.5
45,slimjim,1.5
45,snickers,0.5
45,snickersalmond,0.5
45,snickersdarkchocolate,0.75
45,snickerspeanutbutter,0.5
45,sourpunchstrawsapple,1.01
45,sourpunchstrawsstrawberry,0.74
45,starburst,0.5
45,sunchipscheddar,1.28
45,sunchipsgardensalsa,0.51
45,swedishfish,0.5
45,swedishfishassorted,0.51
45,toblerone,0.88
45,trailmix,0.51
45,twixpeanutbutter,1
45,twizzlersstrawberry,0.75
45,warheads,0.49
45,whoppers,0.5
46,blowpopblueraspberry,0.5
46,blowpopsourapple,0.43
46,caramelapplepops,0.49
46,cheetospuffs,0.52
46,cheezitwhitecheddar,0.73
46,chexmixcheddar,1.02
46,dots,0.26
46,ghirardellicaramelsquares,0.53
46,hostesschocolatedonuts,1.93
46,hostesscupcakes,1.03
46,kettlejalapenochips,0.5
46,laysclassic,2
46,mmspeanuts,0.99
46,nerdsstrawberrygrape,1.13
46,pez,0.09
46,popcornerskettle,0.48
46,pringlescheddar,1.07
46,reesesbigcup,1.03
46,reesespeanutbuttercup,2.04
46,reesespieces,2.03
46,snickersalmond,0.69
46,sourpunchstrawsstrawberry,0.5
46,starburst,2.02
46,swedishfish,1.58
46,warheads,0.55
46,whoppers,2.08
47,100grand,0.37
47,airheadsblueraspberry,1.99
47,airheadswatermelon,0.48
47,almondjoy,1.98
47,babyruth,1.51
47,blowpopcherry,0.99
47,blowpopsourapple,0.51
47,bunchacrunch,2.08
47,butterfingerbites,0.51
47,caramelapplepops,0.53
47,cheesepeanutbuttercrackers,1.97
47,cheetoscrunchy,0.48
47,cheetospuffs,1.98
47,cheezit,1.98
47,chipsahoy,0.94
47,comboscheddar,0.99
47,combospizzeria,2.03
47,crunch,0.53
47,doritoscoolranch,0.54
47,doritosnachocheese,0.48
47,doritospicychili,1.01
47,dots,0.08
47,dovecaramelmilkchocolate,0.49
47,fritos,0.42
47,funyuns,0.49
47,ghirardellimilkchocolatesquares,2.02
47,giantsweetarts,0.52
47,gobstoppers,1.51
47,goldfishcheddar,2.48
47,goobers,0.03
47,grandmaschocolatechipcookies,0.5
47,grandmasoatmealraisincookies,0.01
47,grandmaspeanutbuttercookies,0.49
47,gummywormssour,2.53
47,hostesschocolatedonuts,0.95
47,hostesscupcakes,0.04
47,hostesspowdereddonut,0.47
47,juniorcaramels,0.47
47,juniormints,0.43
47,keeblerfudgestripes,0.51
47,keeblerrainbowcookies,1.44
47,kettlejalapenochips,1.5
47,kettlesaltpepperchips,1.52
47,kitkat,0.5
47,laffytaffysourapple,0.98
47,laysdillpickle,1.5
47,layssweetsouthernheatbarbecue,2.52
47,lifesaversgummiessours,0.5
47,lindtdarkchocolate,1.5
47,lindtmilkchocolate,0.5
47,mmsmilkchocolate,0.5
47,mmsmint,1.5
47,mmspeanuts,0.48
47,mmspretzel,0.52
47,mentosrainbow,0.23
47,mikeikezours,2
47,milanocookies,0.48
47,milkyway,1.49
47,milkywaycaramel,0.5
47,munchiesjalapenocheddar,1
47,munchiespeanutbutter,1.99
47,nerdsrope,0.98
47,oreosgolden,0.99
47,popcornerskettle,1.98
47,popcornwhitecheddar,0.52
47,pringlescheddar,1.52
47,pringlesoriginal,0.17
47,pringlessourcreamonion,1.99
47,raisinetsmilkchocolate,1.48
47,razzles,0.53
47,reesespeanutbuttercup,0.51
47,reesespieces,0.98
47,ritzbitscheese,2.03
47,rufflescheddarsourcreamchips,0.47
47,shockers,0.02
47,skittlessours,0.45
47,skittlestropical,1.5
47,skittlewildberry,1.5
47,snickers,0.99
47,snickersalmond,0.49
47,snickerspeanutbutter,1.01
47,snydershoneymustardonionnibblerpretzels,2
47,snyderspretzelsticks,0.98
47,sourpunchstrawsapple,0.4
47,spree,2.02
47,starburst,2.98
47,sunchipscheddar,2.94
47,sunchipsfrenchonion,1.24
47,swedishfish,2.48
47,swedishfishassorted,0.98
47,take5,0.48
47,trailmix,2.96
47,twix,1.97
47,twixpeanutbutter,1.42
47,twizzlersstrawberry,1.51
47,whoppers,0.51
47,yorkpeppermintpatty,0.53
48,almondjoy,0.5
48,blowpopcherry,0.99
48,butterfingerbites,1.99
48,cheetospuffs,0.98
48,chexmixcheddar,0.99
48,chipsahoy,0.99
48,dovedarkchocolatebites,1.49
48,ghirardellimilkchocolatesquares,1
48,grandmaspeanutbuttercookies,0.99
48,heathbar,2.99
48,keeblerrainbowcookies,2.49
48,layscheesygarlicbread,2
48,mentosrainbow,0.99
48,munchiesnachocheese,0.99
48,oreosgolden,1.01
48,popcornerswhitecheddar,1.5
48,pringlesoriginal,0.99
48,raisinetsmilkchocolate,0.98
48,reesesbigcup,1.99
48,reesespieces,0.98
48,ritzbitscheese,0.99
48,roldgoldtinytwistpretzels,1.02
48,skittles,0.98
48,skittlessours,1
48,snickerspeanutbutter,1
48,snydersoriginalnibblers,0.99
48,sunchipscheddar,0.98
48,sunchipsgardensalsa,1
49,3musketeers,0.43
49,almondjoy,0.52
49,blowpopblueraspberry,0.57
49,blowpopcherry,0.48
49,combospizzeria,0.49
49,crunch,0.47
49,ghirardellidarkchocolatesquares,0.54
49,grandmaschocolatechipcookies,0.47
49,heathbar,0.48
49,hostesschocolatedonuts,0.49
49,juniormints,0.49
49,keeblerfudgestripes,0.49
49,kettlejalapenochips,0.03
49,kitkat,0.53
49,kitkatwhitechocolate,0.5
49,laffytaffysourapple,0.46
49,layssourcreamandonion,0.55
49,mmsmint,0.53
49,mmspeanuts,0.46
49,mmspretzel,0.4
49,munchiesjalapenocheddar,0.48
49,popcornwhitecheddar,0.5
49,ritzbitscheese,0.53
49,ritzbitspeanutbutter,0.53
49,snickers,0.49
49,snickerspeanutbutter,0.48
49,sourpatchkids,0.53
49,starbursttropical,0.44
49,sunchipscheddar,0.57
49,swedishfish,0.5
49,yorkpeppermintpatty,0.45
50,100grand,1.01
50,3musketeers,0.99
50,airheadsblueraspberry,0.76
50,airheadscherry,2.48
50,airheadsgreenapple,0.48
50,airheadswatermelon,0.98
50,almondjoy,1.02
50,blowpopblueraspberry,0.51
50,blowpopsourapple,0.94
50,blowpopwatermelon,1.51
50,butterfinger,2.26
50,butterfingerbites,2.5
50,caramelapplepops,0.51
50,cheezit,1.99
50,cheezitwhitecheddar,0.98
50,chexmixcheddar,1.02
50,chexmixtraditional,0.99
50,chipsahoy,0.76
50,crunch,0.99
50,dots,0.53
50,dovecaramelmilkchocolate,0.23
50,dovedarkchocolatebites,0.5
50,dovemilkpeanutbutterbites,2.49
50,famousamos,2
50,fritos,1
50,fritosbbq,0.98
50,funyuns,0.98
50,ghirardellicaramelsquares,0.32
50,ghirardellidarkchocolatesquares,1.51
50,ghirardellimilkchocolatesquares,2.46
50,gobstoppers,1
50,goldfishcheddar,1.01
50,goobers,1.01
50,grandmaschocolatechipcookies,0.48
50,grandmasoatmealraisincookies,0.51
50,gummywormssour,0.48
50,heathbar,1.01
50,hostesscupcakes,0.32
50,hostesspowdereddonut,0.51
50,juniorcaramels,1.32
50,keeblerrainbowcookies,1.01
50,kettlebbqchips,0.98
50,kettlejalapenochips,0.99
50,kettlesaltpepperchips,0.78
50,kettlesaltvinegarchips,1.49
50,kitkat,2.98
50,kitkatwhitechocolate,0.77
50,laffytaffysourapple,0.51
50,layscheesygarlicbread,0.98
50,laysclassic,0.34
50,layssweetsouthernheatbarbecue,0.18
50,lifesaversgummiessours,0.23
50,lindtdarkchocolate,0.48
50,mmsmint,0.49
50,mentosrainbow,2.02
50,milkduds,2.48
50,milkyway,1
50,milkywaycaramel,1.01
50,milkywaydark,0.52
50,munchiesjalapenocheddar,0.97
50,munchiesnachocheese,0.52
50,nerdsstrawberrygrape,0.55
50,oreos,1
50,oreosgolden,0.47
50,popcornersjalapeno,0.48
50,popcornerskettle,0.53
50,popcornerswhitecheddar,0.99
50,pringlesoriginal,0.29
50,pringlessourcreamonion,1.01
50,raisinetsmilkchocolate,0.74
50,razzles,0.5
50,reesespeanutbuttercup,1.02
50,reesespieces,2.5
50,ritzbitspeanutbutter,1.03
50,rufflescheddarsourcreamchips,0.99
50,shockers,0.78
50,skittles,1.03
50,slimjim,0.98
50,snickerspeanutbutter,1
50,snydersminipretzels,0.83
50,snydersoriginalnibblers,2.53
50,snyderspretzelsticks,2.98
50,sourpatchkids,0.47
50,sourpunchstrawsstrawberry,0.51
50,starburst,0.78
50,sunchipscheddar,0.83
50,sunchipsgardensalsa,0.47
50,sunchipsoriginal,1.98
50,swedishfish,0.97
50,trailmix,0.26
50,twix,0.48
50,twixpeanutbutter,2.53
50,twizzlersstrawberry,0.34
50,warheads,0.3
50,whoppers,0.5
50,yorkpeppermintpatty,1
51,airheadscherry,0.97
51,blowpopcherry,0.48
51,blowpopwatermelon,0.98
51,butterfingerbites,0.48
51,cheetoscrunchy,1
51,cheezit,0.49
51,cheezitwhitecheddar,1.03
51,dots,1.01
51,dovemilkpeanutbutterbites,0.48
51,fritos,1.03
51,fritosbbq,0.53
51,ghirardellicaramelsquares,0.49
51,ghirardellimilkchocolatesquares,0.49
51,giantsweetarts,1.01
51,grandmaschocolatechipcookies,0.51
51,grandmaspeanutbuttercookies,0.48
51,heathbar,0.48
51,hostesscupcakes,0.47
51,juniormints,0.98
51,keeblerfudgestripes,1
51,kettlesaltvinegarchips,0.98
51,kitkat,0.52
51,layscheesygarlicbread,1.01
51,lifesaversgummies,0.5
51,lindtmilkchocolate,0.51
51,mikeikezours,1.08
51,milanocookies,0.99
51,milkduds,0.46
51,munchiesjalapenocheddar,0.99
51,munchiesnachocheese,0.5
51,munchiespeanutbutter,0.98
51,oreosgolden,0.98
51,popcornerswhitecheddar,0.99
51,pringlesoriginal,0.51
51,raisinetsmilkchocolate,0.96
51,shockers,0.49
51,skittles,0.98
51,skittlessours,0.51
51,skittlewildberry,1.49
51,snickersdarkchocolate,1.49
51,snickerspeanutbutter,0.98
51,spree,1
51,starburst,1.48
51,swedishfishassorted,0.49
51,toblerone,0.53
51,trailmix,0.98
51,twix,1.02
51,whoppers,0.48
