subject_id,item_name,rating,timepoint
101,gummylips,0.09,1
101,gummibears,1.31,1
101,saltliquoricepretzels,0.02,1
101,colabottles,1.63,1
101,sourstrawberrybelts,1.97,1
101,gummycherries,1.63,1
101,sourstrawberrysticks,2.0,1
101,candynecklace,0.68,1
101,gummyseashells,1.58,1
101,sugarhearts,0.02,1
101,redgummyfish,1.23,1
101,lonkasoftnougat,0.23,1
101,liquoriceallsorts,0.28,1
101,foambananas,1.2,1
101,yogurtraisins,1.32,1
101,sourwatermelonslices,0.68,1
101,jellycandies,1.28,1
101,marshmallows,0.27,1
101,gummystrawberries,1.57,1
101,sourapplerings,1.9,1
101,chocolatepeanutclusters,1.39,1
101,gummypeaches,2.0,1
101,winegum,1.49,1
101,nerds,0.72,1
101,gummysmurfs,1.66,1
101,napoleon,0.6,1
101,chocolatecoins,0.0,1
101,smarties,0.02,1
101,watermelongumballs,1.33,1
101,jellybeans,1.76,1
101,werthersoriginal,1.69,1
101,gummyfriedeggs,0.43,1
101,gummyberries,1.86,1
101,gummysharks,1.39,1
101,chokotoff,0.41,1
101,foampigs,1.59,1
101,blacklicoricewheels,0.0,1
101,peanutmms,1.28,1
101,liquoricetwists,0.0,1
101,rainbowsourbelts,1.7,1
101,gummyhearts,1.57,1
101,nutscoveredinchocolate,1.69,1
103,gummyseashells,0.67,1
103,napoleon,0.52,1
103,peanutmms,1.43,1
103,gummyberries,0.23,1
103,redgummyfish,1.44,1
103,werthersoriginal,1.72,1
103,nutscoveredinchocolate,1.62,1
103,gummypeaches,1.34,1
103,colabottles,0.11,1
103,lonkasoftnougat,1.55,1
103,sourwatermelonslices,0.65,1
103,foampigs,1.15,1
103,gummystrawberries,0.85,1
103,candynecklace,0.49,1
103,sourapplerings,0.41,1
103,sugarhearts,0.61,1
103,marshmallows,1.48,1
103,winegum,0.89,1
103,chocolatepeanutclusters,1.03,1
103,gummysmurfs,0.82,1
103,blacklicoricewheels,1.52,1
103,gummyhearts,0.71,1
103,nerds,0.87,1
103,watermelongumballs,0.65,1
103,liquoriceallsorts,0.15,1
103,gummyfriedeggs,0.2,1
103,liquoricetwists,1.19,1
103,gummylips,0.8,1
103,chocolatecoins,0.86,1
103,sourstrawberrysticks,0.4,1
103,smarties,0.85,1
103,gummysharks,0.84,1
103,gummycherries,1.04,1
103,sourstrawberrybelts,0.67,1
103,saltliquoricepretzels,1.52,1
103,jellycandies,0.94,1
103,chokotoff,1.71,1
103,foambananas,0.93,1
103,rainbowsourbelts,0.67,1
103,jellybeans,1.24,1
103,gummibears,0.83,1
103,yogurtraisins,1.9,1
105,nerds,0.0,1
105,watermelongumballs,0.69,1
105,smarties,0.46,1
105,gummycherries,1.75,1
105,jellybeans,1.73,1
105,napoleon,1.17,1
105,chokotoff,1.61,1
105,foambananas,2.0,1
105,liquoriceallsorts,1.51,1
105,liquoricetwists,0.13,1
105,gummyberries,1.77,1
105,saltliquoricepretzels,2.0,1
105,sugarhearts,0.14,1
105,chocolatepeanutclusters,1.7,1
105,peanutmms,1.7,1
105,marshmallows,1.64,1
105,candynecklace,0.24,1
105,gummypeaches,2.0,1
105,lonkasoftnougat,1.85,1
105,colabottles,0.6,1
105,redgummyfish,1.65,1
105,rainbowsourbelts,0.38,1
105,gummyhearts,1.43,1
105,yogurtraisins,0.62,1
105,sourstrawberrysticks,0.46,1
105,jellycandies,1.2,1
105,gummystrawberries,1.12,1
105,foampigs,1.42,1
105,gummylips,1.14,1
105,nutscoveredinchocolate,1.52,1
105,sourapplerings,1.37,1
105,gummyseashells,1.51,1
105,gummibears,0.79,1
105,gummysharks,1.7,1
105,gummysmurfs,1.43,1
105,winegum,1.15,1
105,werthersoriginal,0.3,1
105,sourstrawberrybelts,0.68,1
105,gummyfriedeggs,1.81,1
105,blacklicoricewheels,1.79,1
105,chocolatecoins,0.01,1
105,sourwatermelonslices,2.0,1
107,rainbowsourbelts,1.16,1
107,saltliquoricepretzels,1.54,1
107,sourstrawberrysticks,1.1,1
107,nerds,0.79,1
107,chocolatecoins,1.33,1
107,gummypeaches,1.7,1
107,sourstrawberrybelts,1.47,1
107,gummibears,1.73,1
107,werthersoriginal,1.89,1
107,gummycherries,1.9,1
107,foambananas,1.93,1
107,colabottles,2.0,1
107,napoleon,1.78,1
107,sourapplerings,1.8,1
107,chocolatepeanutclusters,2.0,1
107,chokotoff,1.48,1
107,blacklicoricewheels,1.49,1
107,liquoricetwists,1.35,1
107,winegum,1.32,1
107,gummyseashells,1.19,1
107,candynecklace,0.87,1
107,watermelongumballs,1.14,1
107,gummysmurfs,1.71,1
107,gummystrawberries,1.54,1
107,gummyhearts,1.57,1
107,sugarhearts,1.06,1
107,smarties,1.91,1
107,peanutmms,2.0,1
107,yogurtraisins,2.0,1
107,foampigs,1.91,1
107,marshmallows,1.81,1
107,gummyfriedeggs,1.88,1
107,liquoriceallsorts,1.52,1
107,jellycandies,1.11,1
107,sourwatermelonslices,1.68,1
107,nutscoveredinchocolate,2.0,1
107,redgummyfish,1.83,1
107,gummysharks,1.35,1
107,jellybeans,1.11,1
107,gummylips,1.03,1
107,gummyberries,1.9,1
107,lonkasoftnougat,1.71,1
109,gummystrawberries,1.33,1
109,gummyseashells,1.3,1
109,foampigs,1.17,1
109,blacklicoricewheels,0.0,1
109,nerds,1.4,1
109,sourapplerings,1.4,1
109,sugarhearts,1.37,1
109,napoleon,1.08,1
109,watermelongumballs,1.1,1
109,gummibears,1.31,1
109,winegum,1.23,1
109,sourwatermelonslices,1.36,1
109,liquoriceallsorts,0.0,1
109,gummyhearts,1.25,1
109,chocolatepeanutclusters,1.73,1
109,saltliquoricepretzels,1.32,1
109,liquoricetwists,0.0,1
109,gummysmurfs,1.26,1
109,gummysharks,1.24,1
109,colabottles,1.55,1
109,yogurtraisins,1.74,1
109,sourstrawberrybelts,1.19,1
109,gummypeaches,1.4,1
109,lonkasoftnougat,2.0,1
109,gummyberries,2.0,1
109,werthersoriginal,2.0,1
109,peanutmms,1.64,1
109,sourstrawberrysticks,1.67,1
109,redgummyfish,1.41,1
109,foambananas,1.67,1
109,gummycherries,1.36,1
109,smarties,1.16,1
109,nutscoveredinchocolate,2.0,1
109,jellycandies,1.37,1
109,chokotoff,1.67,1
109,jellybeans,1.88,1
109,chocolatecoins,0.0,1
109,candynecklace,1.37,1
109,marshmallows,1.75,1
109,gummyfriedeggs,1.35,1
109,rainbowsourbelts,1.31,1
109,gummylips,1.38,1
111,watermelongumballs,1.1,1
111,saltliquoricepretzels,0.23,1
111,sugarhearts,0.81,1
111,gummyhearts,1.48,1
111,sourstrawberrysticks,1.59,1
111,gummyberries,1.59,1
111,yogurtraisins,1.0,1
111,sourapplerings,1.58,1
111,lonkasoftnougat,0.66,1
111,gummyseashells,1.49,1
111,gummyfriedeggs,1.48,1
111,liquoricetwists,0.42,1
111,werthersoriginal,0.45,1
111,sourwatermelonslices,1.33,1
111,gummibears,1.65,1
111,nerds,0.92,1
111,nutscoveredinchocolate,1.43,1
111,candynecklace,0.95,1
111,gummylips,1.43,1
111,peanutmms,1.95,1
111,chocolatepeanutclusters,1.83,1
111,napoleon,0.85,1
111,redgummyfish,1.54,1
111,jellybeans,0.32,1
111,smarties,1.41,1
111,winegum,1.47,1
111,gummysharks,1.15,1
111,colabottles,1.49,1
111,sourstrawberrybelts,1.71,1
111,jellycandies,1.27,1
111,foambananas,0.41,1
111,blacklicoricewheels,0.09,1
111,liquoriceallsorts,0.3,1
111,gummypeaches,1.12,1
111,rainbowsourbelts,0.82,1
111,gummystrawberries,1.53,1
111,marshmallows,0.46,1
111,chocolatecoins,0.18,1
111,gummycherries,1.4,1
111,foampigs,0.89,1
111,chokotoff,0.55,1
111,gummysmurfs,1.68,1
113,nerds,1.47,1
113,chokotoff,1.74,1
113,gummystrawberries,0.53,1
113,gummyseashells,0.55,1
113,jellycandies,1.45,1
113,gummyfriedeggs,0.89,1
113,gummylips,0.55,1
113,sourapplerings,1.19,1
113,yogurtraisins,1.81,1
113,watermelongumballs,1.75,1
113,chocolatecoins,0.0,1
113,nutscoveredinchocolate,1.83,1
113,jellybeans,1.16,1
113,napoleon,1.39,1
113,winegum,0.73,1
113,werthersoriginal,1.81,1
113,redgummyfish,0.47,1
113,foambananas,1.85,1
113,liquoriceallsorts,0.24,1
113,gummyhearts,0.8,1
113,blacklicoricewheels,0.07,1
113,rainbowsourbelts,1.48,1
113,colabottles,0.75,1
113,chocolatepeanutclusters,1.97,1
113,gummycherries,0.75,1
113,foampigs,1.14,1
113,sourstrawberrybelts,1.66,1
113,smarties,1.89,1
113,gummyberries,1.61,1
113,saltliquoricepretzels,0.0,1
113,marshmallows,0.52,1
113,sourwatermelonslices,1.6,1
113,lonkasoftnougat,1.89,1
113,gummysharks,0.64,1
113,peanutmms,1.97,1
113,gummysmurfs,0.84,1
113,gummypeaches,1.33,1
113,candynecklace,1.69,1
113,sugarhearts,1.48,1
113,liquoricetwists,0.16,1
113,sourstrawberrysticks,1.87,1
113,gummibears,1.08,1
115,foambananas,1.39,1
115,nerds,0.63,1
115,sourwatermelonslices,1.29,1
115,sugarhearts,0.07,1
115,jellybeans,0.64,1
115,marshmallows,0.82,1
115,gummysharks,0.74,1
115,gummibears,1.38,1
115,candynecklace,0.51,1
115,yogurtraisins,1.06,1
115,blacklicoricewheels,0.0,1
115,gummysmurfs,0.41,1
115,liquoriceallsorts,0.21,1
115,liquoricetwists,0.31,1
115,chocolatepeanutclusters,2.0,1
115,sourstrawberrysticks,1.05,1
115,chokotoff,2.0,1
115,jellycandies,0.65,1
115,gummycherries,1.16,1
115,gummyseashells,1.09,1
115,rainbowsourbelts,1.1,1
115,gummylips,1.11,1
115,gummypeaches,1.11,1
115,redgummyfish,1.52,1
115,foampigs,0.74,1
115,peanutmms,2.0,1
115,saltliquoricepretzels,0.0,1
115,watermelongumballs,1.04,1
115,sourstrawberrybelts,1.09,1
115,gummystrawberries,1.16,1
115,chocolatecoins,0.0,1
115,werthersoriginal,2.0,1
115,nutscoveredinchocolate,2.0,1
115,colabottles,1.16,1
115,sourapplerings,1.37,1
115,gummyberries,0.9,1
115,winegum,1.19,1
115,gummyhearts,1.09,1
115,smarties,1.11,1
115,lonkasoftnougat,1.52,1
115,gummyfriedeggs,0.24,1
115,napoleon,0.0,1
117,marshmallows,0.0,1
117,rainbowsourbelts,0.0,1
117,sourstrawberrysticks,0.0,1
117,werthersoriginal,1.24,1
117,saltliquoricepretzels,0.0,1
117,winegum,0.0,1
117,smarties,0.19,1
117,sourwatermelonslices,0.05,1
117,liquoriceallsorts,0.04,1
117,chokotoff,0.74,1
117,gummysmurfs,0.0,1
117,jellybeans,0.31,1
117,gummysharks,0.35,1
117,nerds,1.17,1
117,foambananas,0.32,1
117,blacklicoricewheels,0.03,1
117,nutscoveredinchocolate,0.99,1
117,gummystrawberries,0.0,1
117,lonkasoftnougat,1.27,1
117,gummylips,0.09,1
117,gummibears,0.32,1
117,sourstrawberrybelts,0.04,1
117,napoleon,1.02,1
117,candynecklace,0.32,1
117,gummyberries,0.0,1
117,liquoricetwists,0.0,1
117,chocolatepeanutclusters,1.44,1
117,peanutmms,1.14,1
117,yogurtraisins,1.17,1
117,watermelongumballs,0.78,1
117,jellycandies,0.0,1
117,gummyfriedeggs,0.01,1
117,sourapplerings,0.26,1
117,gummycherries,0.49,1
117,gummyhearts,0.78,1
117,foampigs,0.8,1
117,colabottles,0.0,1
117,gummypeaches,0.0,1
117,gummyseashells,0.48,1
117,sugarhearts,0.31,1
117,chocolatecoins,0.22,1
117,redgummyfish,0.03,1
119,werthersoriginal,1.22,1
119,napoleon,0.53,1
119,lonkasoftnougat,1.57,1
119,smarties,1.2,1
119,gummystrawberries,0.48,1
119,gummyfriedeggs,0.45,1
119,chocolatepeanutclusters,1.37,1
119,liquoricetwists,0.45,1
119,gummysharks,0.41,1
119,gummypeaches,0.75,1
119,sugarhearts,0.27,1
119,peanutmms,1.43,1
119,sourwatermelonslices,0.36,1
119,liquoriceallsorts,0.46,1
119,winegum,0.78,1
119,gummycherries,0.81,1
119,nutscoveredinchocolate,1.37,1
119,chocolatecoins,0.26,1
119,sourstrawberrybelts,0.7,1
119,rainbowsourbelts,0.57,1
119,foambananas,0.53,1
119,jellybeans,0.48,1
119,colabottles,0.76,1
119,foampigs,0.84,1
119,jellycandies,0.72,1
119,watermelongumballs,0.66,1
119,gummyseashells,0.88,1
119,gummibears,0.92,1
119,sourapplerings,0.84,1
119,gummysmurfs,0.81,1
119,gummylips,0.85,1
119,candynecklace,0.32,1
119,gummyhearts,0.85,1
119,nerds,0.45,1
119,yogurtraisins,1.15,1
119,sourstrawberrysticks,0.65,1
119,saltliquoricepretzels,0.38,1
119,marshmallows,0.89,1
119,blacklicoricewheels,0.4,1
119,gummyberries,0.43,1
119,redgummyfish,0.87,1
119,chokotoff,0.56,1
11,chocolatecoins,0.68,1
11,sugarhearts,1.28,1
11,sourstrawberrysticks,1.61,1
11,saltliquoricepretzels,0.8,1
11,chocolatepeanutclusters,1.41,1
11,gummibears,1.44,1
11,gummyfriedeggs,1.56,1
11,sourwatermelonslices,1.61,1
11,gummystrawberries,1.46,1
11,nutscoveredinchocolate,1.64,1
11,napoleon,1.16,1
11,gummyhearts,1.55,1
11,marshmallows,1.15,1
11,watermelongumballs,0.87,1
11,nerds,0.86,1
11,gummycherries,1.47,1
11,blacklicoricewheels,0.8,1
11,liquoricetwists,0.66,1
11,gummypeaches,1.52,1
11,liquoriceallsorts,1.07,1
11,gummyberries,1.27,1
11,jellycandies,1.51,1
11,winegum,1.44,1
11,yogurtraisins,1.46,1
11,gummysharks,1.59,1
11,smarties,1.51,1
11,redgummyfish,1.48,1
11,candynecklace,1.18,1
11,jellybeans,1.31,1
11,peanutmms,1.27,1
11,foampigs,1.49,1
11,foambananas,1.54,1
11,lonkasoftnougat,0.15,1
11,colabottles,1.54,1
11,sourapplerings,1.53,1
11,rainbowsourbelts,1.72,1
11,werthersoriginal,1.7,1
11,gummylips,1.58,1
11,sourstrawberrybelts,1.7,1
11,chokotoff,1.26,1
11,gummyseashells,1.17,1
11,gummysmurfs,1.45,1
121,lonkasoftnougat,1.23,1
121,gummystrawberries,1.42,1
121,jellycandies,1.44,1
121,winegum,1.27,1
121,nutscoveredinchocolate,1.56,1
121,gummyfriedeggs,1.31,1
121,gummyhearts,1.21,1
121,jellybeans,1.23,1
121,chocolatecoins,0.68,1
121,sourstrawberrysticks,0.82,1
121,gummysmurfs,1.14,1
121,saltliquoricepretzels,1.29,1
121,gummyseashells,1.1,1
121,chokotoff,1.69,1
121,napoleon,1.11,1
121,gummyberries,1.25,1
121,gummibears,1.06,1
121,marshmallows,1.23,1
121,sugarhearts,0.42,1
121,gummysharks,0.91,1
121,yogurtraisins,1.26,1
121,colabottles,1.19,1
121,chocolatepeanutclusters,1.36,1
121,sourwatermelonslices,0.77,1
121,gummylips,1.04,1
121,gummypeaches,0.86,1
121,rainbowsourbelts,0.89,1
121,smarties,1.09,1
121,watermelongumballs,0.65,1
121,blacklicoricewheels,1.25,1
121,foambananas,1.38,1
121,sourstrawberrybelts,0.63,1
121,liquoriceallsorts,1.1,1
121,redgummyfish,1.12,1
121,gummycherries,1.18,1
121,peanutmms,0.81,1
121,sourapplerings,0.95,1
121,liquoricetwists,1.11,1
121,candynecklace,0.57,1
121,foampigs,1.12,1
121,nerds,1.09,1
121,werthersoriginal,1.57,1
13,chocolatecoins,0.0,1
13,chokotoff,1.5,1
13,gummycherries,0.56,1
13,chocolatepeanutclusters,1.06,1
13,lonkasoftnougat,1.27,1
13,yogurtraisins,0.7,1
13,sourapplerings,1.04,1
13,redgummyfish,1.17,1
13,candynecklace,1.53,1
13,sugarhearts,0.93,1
13,werthersoriginal,0.94,1
13,blacklicoricewheels,0.0,1
13,sourstrawberrysticks,0.44,1
13,colabottles,0.53,1
13,liquoricetwists,0.0,1
13,napoleon,1.25,1
13,foampigs,1.27,1
13,marshmallows,0.39,1
13,winegum,0.77,1
13,jellycandies,1.07,1
13,gummystrawberries,0.6,1
13,liquoriceallsorts,0.38,1
13,gummyhearts,0.71,1
13,gummylips,1.03,1
13,gummyfriedeggs,1.08,1
13,rainbowsourbelts,0.34,1
13,sourstrawberrybelts,0.27,1
13,nerds,1.43,1
13,saltliquoricepretzels,0.0,1
13,peanutmms,0.42,1
13,gummysmurfs,0.94,1
13,gummyberries,1.07,1
13,gummypeaches,0.82,1
13,gummibears,0.24,1
13,smarties,0.37,1
13,gummyseashells,0.86,1
13,jellybeans,0.92,1
13,foambananas,1.05,1
13,nutscoveredinchocolate,0.58,1
13,sourwatermelonslices,0.68,1
13,watermelongumballs,0.59,1
13,gummysharks,1.11,1
15,candynecklace,0.54,1
15,gummysmurfs,1.49,1
15,colabottles,0.87,1
15,werthersoriginal,1.11,1
15,gummycherries,1.2,1
15,watermelongumballs,1.37,1
15,gummibears,1.61,1
15,chokotoff,2.0,1
15,sourstrawberrybelts,1.46,1
15,liquoricetwists,0.62,1
15,marshmallows,1.23,1
15,lonkasoftnougat,1.66,1
15,gummyberries,1.58,1
15,gummylips,1.51,1
15,nerds,0.24,1
15,gummypeaches,1.64,1
15,saltliquoricepretzels,0.52,1
15,nutscoveredinchocolate,2.0,1
15,redgummyfish,1.35,1
15,sourstrawberrysticks,2.0,1
15,blacklicoricewheels,0.0,1
15,chocolatepeanutclusters,2.0,1
15,peanutmms,1.38,1
15,smarties,1.69,1
15,gummyfriedeggs,0.63,1
15,napoleon,0.05,1
15,gummyhearts,1.61,1
15,chocolatecoins,0.01,1
15,jellycandies,1.53,1
15,sugarhearts,0.0,1
15,rainbowsourbelts,1.53,1
15,gummysharks,1.66,1
15,gummyseashells,1.68,1
15,foampigs,1.47,1
15,jellybeans,1.35,1
15,winegum,1.33,1
15,sourwatermelonslices,1.78,1
15,liquoriceallsorts,0.76,1
15,gummystrawberries,1.28,1
15,foambananas,1.36,1
15,yogurtraisins,1.97,1
15,sourapplerings,1.66,1
17,werthersoriginal,1.34,1
17,sourstrawberrybelts,0.93,1
17,chocolatecoins,1.19,1
17,sourstrawberrysticks,0.89,1
17,gummibears,0.78,1
17,gummylips,1.18,1
17,rainbowsourbelts,0.89,1
17,napoleon,1.11,1
17,gummyberries,1.44,1
17,winegum,1.18,1
17,candynecklace,0.9,1
17,gummyseashells,0.82,1
17,blacklicoricewheels,1.1,1
17,nerds,1.28,1
17,foambananas,1.19,1
17,colabottles,0.79,1
17,jellybeans,0.78,1
17,smarties,0.8,1
17,gummystrawberries,1.15,1
17,foampigs,0.76,1
17,nutscoveredinchocolate,1.1,1
17,liquoricetwists,0.95,1
17,sourapplerings,0.85,1
17,gummycherries,1.14,1
17,yogurtraisins,0.86,1
17,redgummyfish,1.22,1
17,gummyhearts,0.8,1
17,gummysmurfs,1.19,1
17,gummyfriedeggs,0.66,1
17,sourwatermelonslices,0.78,1
17,lonkasoftnougat,1.57,1
17,marshmallows,1.2,1
17,chocolatepeanutclusters,1.49,1
17,gummypeaches,1.38,1
17,sugarhearts,1.33,1
17,peanutmms,1.3,1
17,saltliquoricepretzels,1.21,1
17,chokotoff,1.2,1
17,watermelongumballs,0.79,1
17,jellycandies,1.27,1
17,liquoriceallsorts,1.21,1
17,gummysharks,1.22,1
19,colabottles,0.68,1
19,saltliquoricepretzels,0.11,1
19,sugarhearts,0.56,1
19,rainbowsourbelts,1.39,1
19,gummysharks,1.47,1
19,nerds,0.47,1
19,candynecklace,0.09,1
19,watermelongumballs,0.48,1
19,foampigs,1.57,1
19,marshmallows,1.88,1
19,gummylips,0.62,1
19,sourapplerings,1.56,1
19,smarties,1.31,1
19,gummyseashells,1.22,1
19,sourstrawberrybelts,1.56,1
19,gummypeaches,1.43,1
19,peanutmms,1.4,1
19,chokotoff,0.78,1
19,gummibears,1.36,1
19,gummyhearts,0.66,1
19,lonkasoftnougat,1.28,1
19,yogurtraisins,0.6,1
19,nutscoveredinchocolate,1.35,1
19,sourstrawberrysticks,1.59,1
19,chocolatecoins,0.38,1
19,napoleon,0.51,1
19,jellycandies,0.1,1
19,gummyberries,1.26,1
19,werthersoriginal,1.27,1
19,gummycherries,1.5,1
19,liquoriceallsorts,0.45,1
19,chocolatepeanutclusters,1.48,1
19,winegum,1.86,1
19,sourwatermelonslices,1.19,1
19,gummyfriedeggs,0.06,1
19,liquoricetwists,0.26,1
19,gummysmurfs,1.48,1
19,foambananas,0.33,1
19,redgummyfish,1.3,1
19,blacklicoricewheels,0.13,1
19,jellybeans,1.85,1
19,gummystrawberries,1.7,1
1,foambananas,0.6,1
1,gummysmurfs,1.65,1
1,nerds,1.61,1
1,rainbowsourbelts,1.26,1
1,yogurtraisins,0.74,1
1,chocolatecoins,1.28,1
1,gummylips,1.76,1
1,napoleon,0.15,1
1,sourwatermelonslices,1.47,1
1,nutscoveredinchocolate,1.79,1
1,sourstrawberrybelts,1.93,1
1,gummycherries,1.33,1
1,gummystrawberries,1.94,1
1,colabottles,0.44,1
1,sugarhearts,0.33,1
1,redgummyfish,1.26,1
1,jellybeans,0.19,1
1,sourstrawberrysticks,1.47,1
1,liquoriceallsorts,0.03,1
1,chocolatepeanutclusters,1.35,1
1,winegum,1.24,1
1,gummyseashells,1.37,1
1,gummyfriedeggs,1.12,1
1,gummypeaches,1.71,1
1,peanutmms,1.92,1
1,gummibears,0.52,1
1,gummysharks,1.47,1
1,marshmallows,0.13,1
1,liquoricetwists,0.77,1
1,jellycandies,1.18,1
1,gummyberries,0.3,1
1,werthersoriginal,0.16,1
1,watermelongumballs,1.45,1
1,chokotoff,1.39,1
1,blacklicoricewheels,0.79,1
1,gummyhearts,0.76,1
1,lonkasoftnougat,0.6,1
1,saltliquoricepretzels,0.29,1
1,sourapplerings,1.27,1
1,candynecklace,0.5,1
1,foampigs,1.48,1
1,smarties,1.2,1
21,gummysmurfs,1.73,1
21,gummyseashells,1.33,1
21,peanutmms,1.96,1
21,jellybeans,1.23,1
21,gummycherries,1.11,1
21,colabottles,1.31,1
21,gummysharks,1.58,1
21,sugarhearts,0.9,1
21,gummypeaches,1.1,1
21,winegum,1.49,1
21,sourwatermelonslices,1.37,1
21,napoleon,0.95,1
21,sourapplerings,1.11,1
21,werthersoriginal,1.36,1
21,chocolatepeanutclusters,1.61,1
21,gummystrawberries,1.7,1
21,gummylips,1.27,1
21,sourstrawberrybelts,1.1,1
21,gummyberries,0.77,1
21,rainbowsourbelts,1.13,1
21,nerds,1.05,1
21,saltliquoricepretzels,1.2,1
21,candynecklace,1.47,1
21,yogurtraisins,1.16,1
21,gummyhearts,1.3,1
21,marshmallows,1.79,1
21,smarties,1.24,1
21,sourstrawberrysticks,1.11,1
21,foambananas,1.75,1
21,gummibears,1.63,1
21,blacklicoricewheels,1.37,1
21,chokotoff,1.13,1
21,lonkasoftnougat,0.04,1
21,nutscoveredinchocolate,1.85,1
21,redgummyfish,1.72,1
21,gummyfriedeggs,1.3,1
21,foampigs,1.77,1
21,watermelongumballs,1.08,1
21,liquoriceallsorts,0.78,1
21,jellycandies,1.18,1
21,liquoricetwists,0.81,1
21,chocolatecoins,1.52,1
23,liquoricetwists,1.28,1
23,liquoriceallsorts,0.84,1
23,gummyfriedeggs,1.34,1
23,colabottles,2.0,1
23,chocolatepeanutclusters,2.0,1
23,redgummyfish,0.71,1
23,gummysmurfs,0.68,1
23,lonkasoftnougat,0.16,1
23,marshmallows,1.63,1
23,nerds,1.52,1
23,chocolatecoins,0.02,1
23,watermelongumballs,2.0,1
23,werthersoriginal,1.06,1
23,gummyhearts,1.0,1
23,gummyseashells,1.52,1
23,rainbowsourbelts,1.52,1
23,napoleon,1.36,1
23,gummystrawberries,1.88,1
23,candynecklace,1.72,1
23,sourstrawberrybelts,1.58,1
23,gummibears,1.95,1
23,blacklicoricewheels,0.0,1
23,winegum,0.46,1
23,nutscoveredinchocolate,2.0,1
23,gummycherries,1.32,1
23,smarties,1.37,1
23,gummyberries,1.19,1
23,foambananas,1.15,1
23,sourstrawberrysticks,1.22,1
23,gummypeaches,1.53,1
23,gummysharks,0.45,1
23,sourapplerings,0.52,1
23,saltliquoricepretzels,0.48,1
23,yogurtraisins,0.27,1
23,jellycandies,1.5,1
23,sugarhearts,0.44,1
23,foampigs,0.5,1
23,sourwatermelonslices,1.55,1
23,gummylips,1.0,1
23,chokotoff,0.36,1
23,peanutmms,2.0,1
23,jellybeans,1.0,1
25,gummibears,0.25,1
25,winegum,0.21,1
25,napoleon,0.33,1
25,marshmallows,0.0,1
25,colabottles,1.0,1
25,watermelongumballs,0.61,1
25,jellybeans,1.23,1
25,gummyfriedeggs,0.0,1
25,gummysmurfs,0.01,1
25,chokotoff,1.51,1
25,gummycherries,0.09,1
25,saltliquoricepretzels,0.0,1
25,gummyseashells,0.0,1
25,yogurtraisins,1.31,1
25,chocolatecoins,0.0,1
25,candynecklace,0.11,1
25,gummypeaches,0.6,1
25,jellycandies,0.31,1
25,werthersoriginal,1.81,1
25,chocolatepeanutclusters,2.0,1
25,sugarhearts,0.08,1
25,redgummyfish,0.36,1
25,gummylips,0.05,1
25,sourwatermelonslices,0.73,1
25,smarties,1.29,1
25,liquoricetwists,0.0,1
25,gummyberries,0.0,1
25,gummysharks,0.0,1
25,foambananas,0.0,1
25,sourapplerings,1.24,1
25,foampigs,0.01,1
25,nutscoveredinchocolate,1.91,1
25,gummyhearts,0.07,1
25,rainbowsourbelts,1.07,1
25,lonkasoftnougat,2.0,1
25,nerds,0.64,1
25,gummystrawberries,0.0,1
25,sourstrawberrybelts,1.24,1
25,sourstrawberrysticks,0.81,1
25,peanutmms,1.53,1
25,liquoriceallsorts,0.0,1
25,blacklicoricewheels,0.0,1
27,redgummyfish,1.78,1
27,watermelongumballs,0.36,1
27,gummibears,1.46,1
27,napoleon,0.39,1
27,liquoriceallsorts,0.0,1
27,gummysmurfs,1.75,1
27,gummycherries,1.85,1
27,werthersoriginal,1.76,1
27,marshmallows,0.81,1
27,foambananas,1.06,1
27,saltliquoricepretzels,0.0,1
27,blacklicoricewheels,0.0,1
27,gummyhearts,0.6,1
27,lonkasoftnougat,1.53,1
27,gummyberries,1.52,1
27,chokotoff,0.39,1
27,sourstrawberrybelts,1.53,1
27,sourwatermelonslices,0.66,1
27,gummyseashells,0.82,1
27,peanutmms,0.69,1
27,yogurtraisins,0.74,1
27,liquoricetwists,0.77,1
27,candynecklace,0.73,1
27,rainbowsourbelts,0.7,1
27,colabottles,1.59,1
27,sourapplerings,1.75,1
27,gummylips,1.03,1
27,chocolatepeanutclusters,0.56,1
27,nerds,0.0,1
27,gummysharks,0.82,1
27,chocolatecoins,0.78,1
27,sourstrawberrysticks,0.96,1
27,smarties,0.97,1
27,gummypeaches,1.33,1
27,nutscoveredinchocolate,1.44,1
27,foampigs,1.42,1
27,jellybeans,0.43,1
27,gummyfriedeggs,0.19,1
27,winegum,1.31,1
27,jellycandies,0.52,1
27,sugarhearts,1.45,1
27,gummystrawberries,1.85,1
29,gummyfriedeggs,0.33,1
29,gummyseashells,0.09,1
29,jellybeans,1.0,1
29,gummypeaches,1.0,1
29,gummyhearts,1.0,1
29,liquoricetwists,0.18,1
29,foampigs,1.39,1
29,sourwatermelonslices,1.46,1
29,napoleon,0.24,1
29,gummycherries,1.29,1
29,foambananas,0.39,1
29,gummyberries,1.34,1
29,winegum,0.31,1
29,gummibears,1.34,1
29,blacklicoricewheels,0.46,1
29,sourstrawberrybelts,1.28,1
29,saltliquoricepretzels,0.04,1
29,gummysmurfs,0.76,1
29,sourstrawberrysticks,0.25,1
29,redgummyfish,0.2,1
29,lonkasoftnougat,0.23,1
29,candynecklace,1.0,1
29,marshmallows,0.1,1
29,rainbowsourbelts,0.2,1
29,liquoriceallsorts,0.22,1
29,smarties,1.45,1
29,colabottles,0.18,1
29,gummylips,0.23,1
29,nerds,0.23,1
29,nutscoveredinchocolate,1.5,1
29,sourapplerings,1.43,1
29,watermelongumballs,0.23,1
29,jellycandies,0.24,1
29,chocolatecoins,0.15,1
29,gummysharks,0.19,1
29,peanutmms,1.65,1
29,yogurtraisins,1.26,1
29,werthersoriginal,1.23,1
29,chocolatepeanutclusters,1.86,1
29,gummystrawberries,0.19,1
29,sugarhearts,0.3,1
29,chokotoff,0.35,1
31,gummyseashells,1.27,1
31,smarties,1.73,1
31,candynecklace,0.05,1
31,yogurtraisins,1.88,1
31,chokotoff,1.4,1
31,gummysmurfs,0.03,1
31,rainbowsourbelts,0.18,1
31,redgummyfish,0.27,1
31,gummylips,0.17,1
31,gummycherries,0.62,1
31,foampigs,1.68,1
31,sourstrawberrysticks,0.55,1
31,liquoricetwists,0.7,1
31,peanutmms,1.9,1
31,winegum,0.68,1
31,sugarhearts,0.17,1
31,sourstrawberrybelts,0.29,1
31,liquoriceallsorts,1.23,1
31,jellybeans,0.05,1
31,gummystrawberries,0.71,1
31,lonkasoftnougat,1.35,1
31,nerds,1.32,1
31,blacklicoricewheels,1.31,1
31,gummyberries,0.76,1
31,gummibears,0.48,1
31,werthersoriginal,0.29,1
31,colabottles,0.67,1
31,gummyhearts,0.4,1
31,foambananas,0.35,1
31,saltliquoricepretzels,0.66,1
31,chocolatecoins,0.83,1
31,napoleon,0.66,1
31,marshmallows,1.17,1
31,sourapplerings,0.82,1
31,gummysharks,0.31,1
31,sourwatermelonslices,0.91,1
31,jellycandies,0.57,1
31,watermelongumballs,0.41,1
31,chocolatepeanutclusters,1.85,1
31,gummypeaches,0.2,1
31,gummyfriedeggs,0.23,1
31,nutscoveredinchocolate,1.91,1
33,gummyhearts,1.21,1
33,nutscoveredinchocolate,1.53,1
33,gummyberries,1.58,1
33,gummysharks,0.76,1
33,gummysmurfs,1.51,1
33,gummibears,1.57,1
33,chocolatecoins,1.57,1
33,watermelongumballs,1.5,1
33,smarties,1.71,1
33,sugarhearts,0.59,1
33,winegum,1.32,1
33,napoleon,0.44,1
33,liquoricetwists,0.51,1
33,nerds,0.53,1
33,gummyseashells,1.34,1
33,liquoriceallsorts,1.5,1
33,jellybeans,0.48,1
33,marshmallows,1.31,1
33,jellycandies,1.15,1
33,sourapplerings,1.7,1
33,yogurtraisins,1.23,1
33,foambananas,0.59,1
33,saltliquoricepretzels,1.62,1
33,chocolatepeanutclusters,1.61,1
33,werthersoriginal,0.67,1
33,sourstrawberrybelts,1.21,1
33,sourstrawberrysticks,0.67,1
33,colabottles,1.42,1
33,rainbowsourbelts,1.45,1
33,gummyfriedeggs,0.77,1
33,foampigs,1.0,1
33,peanutmms,1.0,1
33,gummystrawberries,1.13,1
33,redgummyfish,1.18,1
33,chokotoff,1.41,1
33,candynecklace,0.62,1
33,gummycherries,1.33,1
33,lonkasoftnougat,0.28,1
33,sourwatermelonslices,0.9,1
33,gummypeaches,1.37,1
33,blacklicoricewheels,1.6,1
33,gummylips,1.42,1
35,gummylips,1.1,1
35,chocolatecoins,0.68,1
35,napoleon,1.02,1
35,watermelongumballs,0.66,1
35,gummysharks,1.21,1
35,foampigs,1.3,1
35,liquoriceallsorts,1.09,1
35,saltliquoricepretzels,1.43,1
35,jellybeans,0.45,1
35,sourwatermelonslices,1.36,1
35,gummibears,1.11,1
35,gummycherries,1.13,1
35,candynecklace,0.75,1
35,rainbowsourbelts,1.25,1
35,gummyseashells,1.27,1
35,gummypeaches,1.36,1
35,gummyhearts,1.08,1
35,gummystrawberries,1.09,1
35,liquoricetwists,0.94,1
35,chokotoff,0.0,1
35,winegum,1.06,1
35,colabottles,1.03,1
35,foambananas,0.64,1
35,sourstrawberrysticks,1.27,1
35,yogurtraisins,1.2,1
35,sourapplerings,1.34,1
35,sourstrawberrybelts,1.47,1
35,sugarhearts,0.67,1
35,chocolatepeanutclusters,0.0,1
35,nutscoveredinchocolate,0.59,1
35,gummyberries,1.34,1
35,lonkasoftnougat,1.2,1
35,jellycandies,1.05,1
35,werthersoriginal,0.67,1
35,peanutmms,0.66,1
35,blacklicoricewheels,1.17,1
35,gummyfriedeggs,1.13,1
35,marshmallows,1.13,1
35,redgummyfish,1.42,1
35,nerds,1.11,1
35,smarties,0.77,1
35,gummysmurfs,1.35,1
37,napoleon,0.59,1
37,lonkasoftnougat,1.56,1
37,sugarhearts,1.42,1
37,gummypeaches,1.54,1
37,gummycherries,1.34,1
37,sourstrawberrybelts,1.78,1
37,watermelongumballs,1.57,1
37,smarties,1.03,1
37,saltliquoricepretzels,0.4,1
37,yogurtraisins,2.0,1
37,jellybeans,1.98,1
37,chokotoff,1.68,1
37,foambananas,1.7,1
37,nerds,1.92,1
37,gummibears,2.0,1
37,sourapplerings,1.34,1
37,blacklicoricewheels,0.67,1
37,gummystrawberries,0.77,1
37,werthersoriginal,1.76,1
37,rainbowsourbelts,0.0,1
37,sourwatermelonslices,0.0,1
37,winegum,1.03,1
37,sourstrawberrysticks,1.51,1
37,marshmallows,2.0,1
37,gummysharks,1.23,1
37,chocolatepeanutclusters,2.0,1
37,gummyberries,1.12,1
37,jellycandies,0.7,1
37,gummyhearts,0.89,1
37,liquoricetwists,0.72,1
37,chocolatecoins,0.94,1
37,candynecklace,1.52,1
37,liquoriceallsorts,0.09,1
37,colabottles,1.82,1
37,gummylips,0.71,1
37,gummyfriedeggs,0.87,1
37,nutscoveredinchocolate,2.0,1
37,foampigs,0.0,1
37,gummyseashells,0.88,1
37,redgummyfish,1.32,1
37,gummysmurfs,1.2,1
37,peanutmms,1.51,1
39,lonkasoftnougat,0.73,1
39,gummypeaches,0.0,1
39,gummyberries,0.0,1
39,sourstrawberrysticks,1.54,1
39,peanutmms,1.84,1
39,liquoricetwists,0.0,1
39,chocolatepeanutclusters,2.0,1
39,sugarhearts,0.61,1
39,gummylips,0.68,1
39,jellybeans,0.01,1
39,colabottles,1.51,1
39,napoleon,0.2,1
39,gummycherries,1.76,1
39,chocolatecoins,0.0,1
39,yogurtraisins,1.56,1
39,gummyseashells,1.2,1
39,gummystrawberries,0.68,1
39,winegum,0.1,1
39,jellycandies,0.7,1
39,saltliquoricepretzels,0.01,1
39,gummibears,1.7,1
39,sourstrawberrybelts,1.68,1
39,marshmallows,0.16,1
39,gummysmurfs,0.28,1
39,smarties,0.42,1
39,blacklicoricewheels,0.01,1
39,watermelongumballs,0.54,1
39,gummyfriedeggs,0.66,1
39,gummysharks,1.1,1
39,nutscoveredinchocolate,1.48,1
39,werthersoriginal,1.79,1
39,foambananas,0.75,1
39,candynecklace,1.06,1
39,liquoriceallsorts,0.27,1
39,rainbowsourbelts,0.85,1
39,sourapplerings,1.3,1
39,gummyhearts,1.24,1
39,redgummyfish,1.46,1
39,sourwatermelonslices,0.68,1
39,foampigs,1.48,1
39,nerds,0.49,1
39,chokotoff,0.54,1
3,sourstrawberrysticks,1.59,1
3,sourapplerings,1.66,1
3,jellycandies,1.8,1
3,liquoriceallsorts,1.33,1
3,peanutmms,1.98,1
3,watermelongumballs,1.41,1
3,gummypeaches,1.79,1
3,gummyseashells,1.31,1
3,napoleon,1.0,1
3,marshmallows,1.53,1
3,gummyfriedeggs,1.36,1
3,nutscoveredinchocolate,2.0,1
3,foambananas,1.12,1
3,candynecklace,1.3,1
3,lonkasoftnougat,1.28,1
3,chokotoff,0.75,1
3,redgummyfish,0.75,1
3,saltliquoricepretzels,0.74,1
3,foampigs,1.18,1
3,blacklicoricewheels,1.18,1
3,gummysmurfs,0.88,1
3,gummylips,0.86,1
3,gummyhearts,1.06,1
3,gummibears,1.29,1
3,smarties,1.0,1
3,liquoricetwists,1.09,1
3,gummystrawberries,1.35,1
3,gummysharks,1.27,1
3,sourwatermelonslices,1.37,1
3,gummycherries,1.45,1
3,sourstrawberrybelts,1.39,1
3,nerds,0.83,1
3,chocolatepeanutclusters,1.92,1
3,jellybeans,1.0,1
3,chocolatecoins,1.0,1
3,werthersoriginal,1.82,1
3,yogurtraisins,1.84,1
3,gummyberries,1.68,1
3,sugarhearts,1.61,1
3,colabottles,1.5,1
3,rainbowsourbelts,1.46,1
3,winegum,1.6,1
41,sugarhearts,0.09,1
41,jellybeans,0.8,1
41,candynecklace,0.56,1
41,sourstrawberrysticks,1.18,1
41,gummyseashells,1.14,1
41,nutscoveredinchocolate,1.53,1
41,marshmallows,1.24,1
41,watermelongumballs,1.11,1
41,sourapplerings,0.66,1
41,gummysmurfs,0.22,1
41,werthersoriginal,1.64,1
41,liquoricetwists,1.03,1
41,gummystrawberries,0.28,1
41,gummyhearts,0.04,1
41,gummycherries,0.05,1
41,foampigs,1.9,1
41,lonkasoftnougat,1.91,1
41,redgummyfish,2.0,1
41,gummysharks,0.0,1
41,gummibears,0.82,1
41,yogurtraisins,1.43,1
41,gummypeaches,1.32,1
41,liquoriceallsorts,0.76,1
41,foambananas,0.0,1
41,saltliquoricepretzels,1.42,1
41,blacklicoricewheels,0.81,1
41,colabottles,0.63,1
41,rainbowsourbelts,0.86,1
41,winegum,1.17,1
41,peanutmms,2.0,1
41,nerds,1.2,1
41,jellycandies,1.2,1
41,smarties,1.16,1
41,chokotoff,1.47,1
41,sourwatermelonslices,0.34,1
41,gummyfriedeggs,0.19,1
41,napoleon,0.38,1
41,chocolatecoins,1.43,1
41,gummylips,0.28,1
41,sourstrawberrybelts,1.07,1
41,gummyberries,2.0,1
41,chocolatepeanutclusters,1.19,1
43,colabottles,1.47,1
43,nutscoveredinchocolate,0.83,1
43,liquoricetwists,1.42,1
43,winegum,0.41,1
43,gummyhearts,0.76,1
43,gummycherries,1.79,1
43,peanutmms,1.78,1
43,gummysmurfs,0.6,1
43,blacklicoricewheels,1.42,1
43,foambananas,0.01,1
43,saltliquoricepretzels,0.17,1
43,nerds,1.71,1
43,jellycandies,1.0,1
43,chocolatecoins,0.16,1
43,gummyfriedeggs,0.34,1
43,gummyseashells,1.57,1
43,foampigs,0.2,1
43,candynecklace,0.6,1
43,yogurtraisins,1.69,1
43,redgummyfish,1.32,1
43,werthersoriginal,1.97,1
43,sourapplerings,1.11,1
43,sourstrawberrybelts,1.27,1
43,gummysharks,0.45,1
43,gummyberries,1.24,1
43,liquoriceallsorts,1.34,1
43,gummystrawberries,1.47,1
43,napoleon,0.59,1
43,sourstrawberrysticks,1.57,1
43,sourwatermelonslices,0.41,1
43,jellybeans,1.45,1
43,watermelongumballs,0.51,1
43,lonkasoftnougat,0.49,1
43,chokotoff,1.56,1
43,gummypeaches,0.73,1
43,gummylips,0.61,1
43,sugarhearts,0.24,1
43,rainbowsourbelts,1.26,1
43,chocolatepeanutclusters,1.71,1
43,smarties,1.76,1
43,marshmallows,0.2,1
43,gummibears,1.41,1
45,candynecklace,0.89,1
45,marshmallows,1.13,1
45,liquoricetwists,0.44,1
45,sourstrawberrybelts,0.67,1
45,watermelongumballs,0.0,1
45,foampigs,0.35,1
45,sourapplerings,1.8,1
45,foambananas,0.69,1
45,gummycherries,1.91,1
45,chocolatecoins,0.6,1
45,napoleon,0.02,1
45,saltliquoricepretzels,0.23,1
45,gummypeaches,1.59,1
45,blacklicoricewheels,1.13,1
45,sugarhearts,0.46,1
45,rainbowsourbelts,1.37,1
45,werthersoriginal,0.0,1
45,gummyberries,0.0,1
45,chocolatepeanutclusters,1.71,1
45,sourwatermelonslices,0.66,1
45,gummysmurfs,1.24,1
45,liquoriceallsorts,0.32,1
45,gummysharks,1.51,1
45,gummibears,1.35,1
45,yogurtraisins,1.95,1
45,colabottles,0.38,1
45,chokotoff,0.26,1
45,jellybeans,1.23,1
45,gummyfriedeggs,0.76,1
45,nerds,1.17,1
45,winegum,1.56,1
45,gummyseashells,1.66,1
45,sourstrawberrysticks,1.24,1
45,lonkasoftnougat,0.23,1
45,redgummyfish,0.9,1
45,nutscoveredinchocolate,1.38,1
45,peanutmms,2.0,1
45,smarties,1.25,1
45,gummyhearts,1.2,1
45,gummystrawberries,1.64,1
45,gummylips,1.01,1
45,jellycandies,0.86,1
47,gummibears,1.35,1
47,chocolatecoins,0.19,1
47,sugarhearts,1.02,1
47,gummypeaches,0.82,1
47,winegum,1.46,1
47,rainbowsourbelts,1.91,1
47,nerds,1.43,1
47,sourstrawberrybelts,1.87,1
47,gummysharks,1.06,1
47,gummystrawberries,1.76,1
47,gummyfriedeggs,0.87,1
47,lonkasoftnougat,0.03,1
47,colabottles,1.25,1
47,sourwatermelonslices,1.8,1
47,jellycandies,0.91,1
47,jellybeans,1.07,1
47,yogurtraisins,0.51,1
47,redgummyfish,1.4,1
47,liquoricetwists,0.07,1
47,marshmallows,0.09,1
47,gummyseashells,1.35,1
47,watermelongumballs,1.1,1
47,chocolatepeanutclusters,1.24,1
47,sourapplerings,1.36,1
47,gummyberries,0.11,1
47,gummylips,1.04,1
47,sourstrawberrysticks,1.04,1
47,chokotoff,0.04,1
47,gummycherries,1.94,1
47,liquoriceallsorts,0.07,1
47,nutscoveredinchocolate,1.05,1
47,blacklicoricewheels,0.07,1
47,gummysmurfs,1.18,1
47,foambananas,0.01,1
47,napoleon,0.61,1
47,saltliquoricepretzels,0.08,1
47,candynecklace,1.38,1
47,peanutmms,2.0,1
47,foampigs,0.94,1
47,gummyhearts,0.78,1
47,smarties,0.35,1
47,werthersoriginal,0.14,1
49,chocolatepeanutclusters,1.46,1
49,smarties,0.72,1
49,foampigs,0.36,1
49,watermelongumballs,1.36,1
49,saltliquoricepretzels,0.0,1
49,gummycherries,0.23,1
49,winegum,0.07,1
49,nutscoveredinchocolate,1.53,1
49,liquoriceallsorts,0.53,1
49,gummypeaches,0.0,1
49,nerds,0.0,1
49,gummibears,1.7,1
49,sourstrawberrysticks,0.0,1
49,gummylips,0.33,1
49,liquoricetwists,1.41,1
49,yogurtraisins,0.0,1
49,lonkasoftnougat,0.0,1
49,gummyfriedeggs,0.0,1
49,rainbowsourbelts,0.01,1
49,sourstrawberrybelts,0.04,1
49,blacklicoricewheels,1.35,1
49,sourwatermelonslices,0.0,1
49,gummysmurfs,0.45,1
49,werthersoriginal,1.56,1
49,gummyseashells,0.28,1
49,marshmallows,1.0,1
49,peanutmms,1.65,1
49,gummysharks,0.16,1
49,foambananas,0.43,1
49,jellybeans,0.43,1
49,chokotoff,1.56,1
49,sugarhearts,0.0,1
49,chocolatecoins,1.38,1
49,napoleon,0.44,1
49,gummyberries,0.0,1
49,candynecklace,1.0,1
49,sourapplerings,0.14,1
49,colabottles,1.0,1
49,jellycandies,0.0,1
49,redgummyfish,0.15,1
49,gummystrawberries,0.0,1
49,gummyhearts,0.0,1
51,foampigs,0.0,1
51,watermelongumballs,1.09,1
51,marshmallows,0.0,1
51,werthersoriginal,1.52,1
51,napoleon,1.36,1
51,colabottles,0.0,1
51,sourwatermelonslices,0.56,1
51,chocolatecoins,1.37,1
51,gummyhearts,0.0,1
51,gummyseashells,0.59,1
51,smarties,0.31,1
51,sourapplerings,1.23,1
51,gummibears,1.17,1
51,gummycherries,0.65,1
51,sourstrawberrybelts,1.29,1
51,gummyfriedeggs,0.37,1
51,jellybeans,0.83,1
51,gummysmurfs,0.69,1
51,foambananas,0.0,1
51,nerds,0.88,1
51,chocolatepeanutclusters,1.72,1
51,gummysharks,0.73,1
51,chokotoff,2.0,1
51,redgummyfish,0.0,1
51,gummystrawberries,0.36,1
51,saltliquoricepretzels,1.21,1
51,gummypeaches,1.14,1
51,jellycandies,0.66,1
51,nutscoveredinchocolate,1.2,1
51,rainbowsourbelts,0.29,1
51,gummyberries,1.14,1
51,winegum,0.23,1
51,candynecklace,0.0,1
51,sugarhearts,0.0,1
51,liquoriceallsorts,1.08,1
51,peanutmms,1.79,1
51,blacklicoricewheels,1.86,1
51,sourstrawberrysticks,0.44,1
51,gummylips,0.22,1
51,liquoricetwists,1.34,1
51,yogurtraisins,1.63,1
51,lonkasoftnougat,2.0,1
53,saltliquoricepretzels,0.36,1
53,gummylips,0.31,1
53,redgummyfish,0.41,1
53,gummyberries,1.47,1
53,jellycandies,0.45,1
53,yogurtraisins,1.65,1
53,sugarhearts,0.0,1
53,chocolatecoins,0.7,1
53,werthersoriginal,1.51,1
53,gummyseashells,0.0,1
53,sourapplerings,1.61,1
53,napoleon,0.0,1
53,candynecklace,0.0,1
53,gummystrawberries,0.45,1
53,gummysmurfs,0.23,1
53,smarties,1.52,1
53,blacklicoricewheels,1.63,1
53,nerds,0.0,1
53,gummibears,0.58,1
53,liquoricetwists,0.12,1
53,sourstrawberrybelts,1.41,1
53,jellybeans,0.0,1
53,gummypeaches,1.52,1
53,gummyfriedeggs,0.0,1
53,nutscoveredinchocolate,1.83,1
53,sourwatermelonslices,0.0,1
53,chokotoff,0.0,1
53,foambananas,0.0,1
53,marshmallows,0.0,1
53,watermelongumballs,0.0,1
53,gummysharks,0.0,1
53,liquoriceallsorts,0.0,1
53,foampigs,0.0,1
53,gummycherries,0.78,1
53,gummyhearts,0.0,1
53,peanutmms,2.0,1
53,colabottles,0.46,1
53,winegum,0.13,1
53,rainbowsourbelts,0.32,1
53,sourstrawberrysticks,0.0,1
53,chocolatepeanutclusters,2.0,1
53,lonkasoftnougat,0.0,1
55,gummystrawberries,0.1,1
55,gummypeaches,1.58,1
55,candynecklace,2.0,1
55,jellycandies,1.27,1
55,colabottles,1.1,1
55,werthersoriginal,1.41,1
55,foampigs,0.0,1
55,marshmallows,1.17,1
55,liquoricetwists,0.0,1
55,redgummyfish,0.14,1
55,lonkasoftnougat,0.0,1
55,liquoriceallsorts,0.0,1
55,winegum,0.64,1
55,saltliquoricepretzels,1.35,1
55,sourwatermelonslices,1.72,1
55,peanutmms,2.0,1
55,napoleon,1.14,1
55,foambananas,1.52,1
55,smarties,1.08,1
55,gummylips,0.77,1
55,sugarhearts,1.5,1
55,yogurtraisins,0.45,1
55,gummibears,1.21,1
55,blacklicoricewheels,0.0,1
55,chocolatepeanutclusters,2.0,1
55,rainbowsourbelts,1.87,1
55,sourapplerings,1.43,1
55,gummycherries,1.12,1
55,gummysharks,0.77,1
55,gummyberries,1.82,1
55,chocolatecoins,1.35,1
55,sourstrawberrysticks,1.74,1
55,gummyseashells,0.72,1
55,gummyhearts,0.71,1
55,gummysmurfs,0.56,1
55,gummyfriedeggs,0.0,1
55,watermelongumballs,1.18,1
55,chokotoff,1.38,1
55,nutscoveredinchocolate,2.0,1
55,sourstrawberrybelts,1.8,1
55,jellybeans,0.62,1
55,nerds,0.67,1
57,peanutmms,0.13,1
57,gummylips,1.54,1
57,nutscoveredinchocolate,1.45,1
57,candynecklace,0.0,1
57,gummyfriedeggs,1.54,1
57,foambananas,1.55,1
57,jellycandies,1.3,1
57,nerds,0.0,1
57,jellybeans,1.32,1
57,liquoricetwists,1.26,1
57,liquoriceallsorts,1.39,1
57,watermelongumballs,1.13,1
57,rainbowsourbelts,1.41,1
57,gummyberries,1.47,1
57,foampigs,1.09,1
57,sourwatermelonslices,1.76,1
57,chocolatecoins,0.04,1
57,gummysharks,1.11,1
57,smarties,0.0,1
57,blacklicoricewheels,0.72,1
57,chokotoff,1.29,1
57,winegum,1.43,1
57,gummycherries,1.2,1
57,gummypeaches,1.75,1
57,sourstrawberrysticks,1.81,1
57,lonkasoftnougat,1.28,1
57,gummysmurfs,1.2,1
57,gummystrawberries,1.38,1
57,redgummyfish,1.09,1
57,sugarhearts,1.17,1
57,gummibears,0.43,1
57,gummyseashells,0.8,1
57,yogurtraisins,0.22,1
57,napoleon,0.78,1
57,sourapplerings,1.72,1
57,marshmallows,1.43,1
57,saltliquoricepretzels,0.62,1
57,werthersoriginal,0.57,1
57,gummyhearts,1.71,1
57,chocolatepeanutclusters,1.91,1
57,colabottles,1.05,1
57,sourstrawberrybelts,1.85,1
59,rainbowsourbelts,1.18,1
59,liquoricetwists,0.52,1
59,yogurtraisins,0.0,1
59,blacklicoricewheels,0.77,1
59,gummyberries,1.17,1
59,nutscoveredinchocolate,1.53,1
59,werthersoriginal,0.0,1
59,gummysharks,1.21,1
59,gummycherries,1.56,1
59,winegum,1.55,1
59,gummylips,1.55,1
59,chokotoff,0.0,1
59,gummysmurfs,1.74,1
59,watermelongumballs,1.28,1
59,colabottles,1.57,1
59,chocolatecoins,1.55,1
59,jellycandies,1.38,1
59,napoleon,1.51,1
59,chocolatepeanutclusters,1.78,1
59,saltliquoricepretzels,1.4,1
59,liquoriceallsorts,0.47,1
59,sourstrawberrybelts,1.49,1
59,redgummyfish,1.58,1
59,sourapplerings,1.49,1
59,foambananas,0.42,1
59,gummypeaches,1.28,1
59,sugarhearts,0.45,1
59,gummyhearts,0.28,1
59,smarties,1.38,1
59,peanutmms,1.51,1
59,jellybeans,1.68,1
59,gummyseashells,0.59,1
59,gummibears,0.57,1
59,foampigs,1.58,1
59,lonkasoftnougat,0.0,1
59,gummystrawberries,1.59,1
59,candynecklace,1.28,1
59,sourwatermelonslices,1.31,1
59,sourstrawberrysticks,1.38,1
59,nerds,1.6,1
59,marshmallows,0.0,1
59,gummyfriedeggs,1.31,1
61,gummyfriedeggs,0.42,1
61,winegum,0.01,1
61,sourstrawberrysticks,1.72,1
61,gummypeaches,1.07,1
61,gummylips,0.26,1
61,gummystrawberries,0.07,1
61,sourapplerings,1.78,1
61,chokotoff,2.0,1
61,gummysmurfs,0.0,1
61,blacklicoricewheels,0.0,1
61,gummycherries,0.23,1
61,yogurtraisins,0.54,1
61,gummyhearts,0.04,1
61,nutscoveredinchocolate,2.0,1
61,marshmallows,1.48,1
61,gummyseashells,0.0,1
61,jellycandies,1.23,1
61,foambananas,0.0,1
61,nerds,1.77,1
61,liquoriceallsorts,0.01,1
61,foampigs,0.0,1
61,sourstrawberrybelts,1.73,1
61,sourwatermelonslices,1.39,1
61,werthersoriginal,1.95,1
61,liquoricetwists,0.0,1
61,smarties,1.0,1
61,colabottles,1.09,1
61,gummyberries,1.57,1
61,saltliquoricepretzels,1.41,1
61,redgummyfish,0.35,1
61,watermelongumballs,1.8,1
61,chocolatepeanutclusters,2.0,1
61,sugarhearts,0.72,1
61,gummibears,1.1,1
61,jellybeans,1.01,1
61,candynecklace,0.49,1
61,rainbowsourbelts,1.74,1
61,peanutmms,2.0,1
61,lonkasoftnougat,0.57,1
61,chocolatecoins,0.01,1
61,napoleon,1.3,1
61,gummysharks,0.0,1
63,blacklicoricewheels,0.01,1
63,rainbowsourbelts,1.5,1
63,sourwatermelonslices,1.12,1
63,sugarhearts,0.68,1
63,gummyseashells,2.0,1
63,napoleon,1.74,1
63,saltliquoricepretzels,0.0,1
63,nutscoveredinchocolate,1.18,1
63,werthersoriginal,1.76,1
63,watermelongumballs,0.67,1
63,gummycherries,2.0,1
63,smarties,2.0,1
63,redgummyfish,1.99,1
63,marshmallows,0.33,1
63,foambananas,1.44,1
63,lonkasoftnougat,0.2,1
63,colabottles,2.0,1
63,foampigs,2.0,1
63,chocolatecoins,0.0,1
63,gummyberries,1.34,1
63,gummyfriedeggs,1.98,1
63,winegum,1.98,1
63,candynecklace,0.55,1
63,liquoriceallsorts,0.01,1
63,sourstrawberrysticks,1.72,1
63,jellybeans,0.33,1
63,gummystrawberries,1.8,1
63,gummibears,2.0,1
63,jellycandies,2.0,1
63,chokotoff,1.94,1
63,gummyhearts,1.99,1
63,gummypeaches,1.93,1
63,gummysharks,1.98,1
63,sourapplerings,2.0,1
63,sourstrawberrybelts,1.97,1
63,gummylips,1.88,1
63,peanutmms,1.27,1
63,chocolatepeanutclusters,1.65,1
63,nerds,0.42,1
63,liquoricetwists,0.0,1
63,gummysmurfs,1.32,1
63,yogurtraisins,0.54,1
65,gummibears,0.56,1
65,sourwatermelonslices,0.56,1
65,sourapplerings,1.1,1
65,sugarhearts,0.17,1
65,foampigs,1.86,1
65,smarties,1.51,1
65,foambananas,0.17,1
65,chokotoff,1.84,1
65,colabottles,1.86,1
65,gummystrawberries,1.85,1
65,rainbowsourbelts,1.61,1
65,saltliquoricepretzels,1.46,1
65,candynecklace,0.4,1
65,gummysharks,0.86,1
65,watermelongumballs,1.73,1
65,napoleon,0.14,1
65,jellybeans,1.92,1
65,gummyfriedeggs,1.45,1
65,marshmallows,0.41,1
65,yogurtraisins,1.73,1
65,gummypeaches,0.7,1
65,sourstrawberrybelts,1.96,1
65,chocolatepeanutclusters,2.0,1
65,gummyhearts,1.23,1
65,gummylips,1.11,1
65,blacklicoricewheels,0.88,1
65,nerds,1.22,1
65,lonkasoftnougat,1.97,1
65,nutscoveredinchocolate,1.97,1
65,gummysmurfs,1.52,1
65,gummyberries,1.98,1
65,peanutmms,1.97,1
65,jellycandies,0.59,1
65,winegum,1.95,1
65,gummyseashells,0.43,1
65,liquoricetwists,0.44,1
65,werthersoriginal,1.28,1
65,chocolatecoins,1.08,1
65,redgummyfish,1.09,1
65,gummycherries,1.12,1
65,liquoriceallsorts,0.26,1
65,sourstrawberrysticks,1.72,1
67,watermelongumballs,0.0,1
67,redgummyfish,0.02,1
67,sugarhearts,0.02,1
67,blacklicoricewheels,0.03,1
67,gummypeaches,1.04,1
67,gummyberries,1.17,1
67,chocolatepeanutclusters,1.41,1
67,foampigs,1.64,1
67,sourapplerings,0.0,1
67,gummycherries,1.46,1
67,gummyfriedeggs,0.81,1
67,nerds,0.25,1
67,liquoriceallsorts,0.0,1
67,gummyhearts,1.37,1
67,napoleon,0.15,1
67,colabottles,0.31,1
67,gummystrawberries,0.07,1
67,winegum,0.08,1
67,candynecklace,0.01,1
67,liquoricetwists,0.19,1
67,lonkasoftnougat,1.44,1
67,foambananas,1.23,1
67,saltliquoricepretzels,0.68,1
67,peanutmms,1.34,1
67,sourstrawberrysticks,0.32,1
67,gummysmurfs,0.03,1
67,chocolatecoins,0.42,1
67,chokotoff,1.56,1
67,sourstrawberrybelts,0.01,1
67,werthersoriginal,1.78,1
67,nutscoveredinchocolate,1.69,1
67,gummibears,0.16,1
67,gummylips,0.21,1
67,jellycandies,0.15,1
67,sourwatermelonslices,0.14,1
67,yogurtraisins,0.69,1
67,gummysharks,1.34,1
67,gummyseashells,0.77,1
67,rainbowsourbelts,0.71,1
67,jellybeans,0.07,1
67,smarties,0.17,1
67,marshmallows,0.07,1
69,nerds,1.42,1
69,marshmallows,0.51,1
69,sourapplerings,0.21,1
69,jellybeans,1.52,1
69,redgummyfish,0.21,1
69,jellycandies,0.31,1
69,nutscoveredinchocolate,0.3,1
69,candynecklace,1.63,1
69,blacklicoricewheels,1.68,1
69,gummysharks,0.01,1
69,gummypeaches,1.22,1
69,lonkasoftnougat,0.06,1
69,gummystrawberries,0.01,1
69,sugarhearts,1.27,1
69,gummyfriedeggs,0.77,1
69,sourstrawberrysticks,1.61,1
69,chocolatepeanutclusters,0.77,1
69,watermelongumballs,1.89,1
69,gummyseashells,0.0,1
69,yogurtraisins,0.01,1
69,sourstrawberrybelts,1.99,1
69,liquoricetwists,1.09,1
69,sourwatermelonslices,0.28,1
69,liquoriceallsorts,1.49,1
69,colabottles,1.56,1
69,foambananas,1.9,1
69,smarties,0.0,1
69,rainbowsourbelts,1.74,1
69,gummyberries,0.01,1
69,gummibears,1.64,1
69,winegum,1.13,1
69,gummycherries,1.51,1
69,peanutmms,1.99,1
69,gummylips,0.07,1
69,napoleon,1.99,1
69,gummyhearts,0.0,1
69,chokotoff,0.74,1
69,chocolatecoins,0.38,1
69,saltliquoricepretzels,1.39,1
69,gummysmurfs,0.35,1
69,werthersoriginal,2.0,1
69,foampigs,0.0,1
71,gummysmurfs,1.41,1
71,nerds,1.39,1
71,jellybeans,1.58,1
71,yogurtraisins,0.09,1
71,chocolatepeanutclusters,1.45,1
71,gummyberries,1.61,1
71,redgummyfish,1.2,1
71,gummycherries,1.36,1
71,gummibears,1.09,1
71,marshmallows,1.72,1
71,gummyfriedeggs,1.14,1
71,lonkasoftnougat,1.06,1
71,sourstrawberrysticks,0.36,1
71,gummyseashells,0.93,1
71,liquoricetwists,0.72,1
71,winegum,0.65,1
71,peanutmms,1.59,1
71,blacklicoricewheels,0.28,1
71,napoleon,0.47,1
71,sourstrawberrybelts,0.41,1
71,foampigs,0.32,1
71,liquoriceallsorts,0.72,1
71,watermelongumballs,1.19,1
71,jellycandies,1.43,1
71,smarties,0.65,1
71,saltliquoricepretzels,0.55,1
71,sugarhearts,0.63,1
71,candynecklace,0.82,1
71,chocolatecoins,0.74,1
71,rainbowsourbelts,0.95,1
71,foambananas,0.26,1
71,gummysharks,0.58,1
71,gummylips,1.23,1
71,gummypeaches,1.33,1
71,colabottles,1.44,1
71,sourapplerings,1.21,1
71,gummyhearts,0.45,1
71,werthersoriginal,1.17,1
71,chokotoff,1.73,1
71,nutscoveredinchocolate,1.27,1
71,gummystrawberries,0.64,1
71,sourwatermelonslices,0.66,1
73,jellybeans,1.23,1
73,sourstrawberrybelts,0.79,1
73,winegum,0.56,1
73,gummylips,0.44,1
73,redgummyfish,0.72,1
73,foambananas,0.87,1
73,colabottles,0.67,1
73,gummycherries,0.65,1
73,liquoricetwists,1.16,1
73,gummyberries,1.35,1
73,sourstrawberrysticks,0.7,1
73,sourwatermelonslices,0.7,1
73,gummyfriedeggs,0.82,1
73,gummibears,0.62,1
73,liquoriceallsorts,0.6,1
73,nerds,1.49,1
73,gummysharks,0.78,1
73,gummypeaches,1.2,1
73,lonkasoftnougat,1.52,1
73,yogurtraisins,1.2,1
73,candynecklace,0.49,1
73,napoleon,0.23,1
73,chocolatecoins,0.73,1
73,jellycandies,1.28,1
73,sugarhearts,0.6,1
73,sourapplerings,0.53,1
73,marshmallows,0.68,1
73,nutscoveredinchocolate,1.52,1
73,chokotoff,1.52,1
73,rainbowsourbelts,0.67,1
73,watermelongumballs,1.41,1
73,peanutmms,1.3,1
73,saltliquoricepretzels,0.65,1
73,chocolatepeanutclusters,1.26,1
73,gummystrawberries,0.73,1
73,gummysmurfs,0.58,1
73,foampigs,0.61,1
73,gummyhearts,0.75,1
73,gummyseashells,0.41,1
73,smarties,1.35,1
73,blacklicoricewheels,0.48,1
73,werthersoriginal,1.4,1
75,colabottles,0.73,1
75,gummysharks,0.39,1
75,sourstrawberrybelts,1.02,1
75,chokotoff,1.15,1
75,sugarhearts,0.99,1
75,gummysmurfs,0.7,1
75,jellybeans,0.8,1
75,candynecklace,1.73,1
75,gummystrawberries,0.99,1
75,chocolatecoins,1.31,1
75,liquoriceallsorts,1.36,1
75,foambananas,0.3,1
75,yogurtraisins,1.63,1
75,rainbowsourbelts,1.08,1
75,sourwatermelonslices,1.21,1
75,nutscoveredinchocolate,1.65,1
75,nerds,1.0,1
75,lonkasoftnougat,1.0,1
75,sourapplerings,1.17,1
75,liquoricetwists,1.43,1
75,gummibears,1.13,1
75,peanutmms,1.71,1
75,gummyseashells,1.15,1
75,gummylips,0.86,1
75,gummyhearts,0.88,1
75,saltliquoricepretzels,1.08,1
75,gummyberries,0.93,1
75,watermelongumballs,1.0,1
75,gummypeaches,1.09,1
75,jellycandies,1.11,1
75,foampigs,1.36,1
75,werthersoriginal,1.84,1
75,blacklicoricewheels,1.68,1
75,redgummyfish,1.14,1
75,chocolatepeanutclusters,1.53,1
75,sourstrawberrysticks,1.22,1
75,napoleon,1.0,1
75,gummycherries,1.25,1
75,gummyfriedeggs,1.0,1
75,marshmallows,1.0,1
75,smarties,1.15,1
75,winegum,0.87,1
77,gummylips,0.75,1
77,gummibears,1.69,1
77,chocolatepeanutclusters,1.73,1
77,saltliquoricepretzels,0.89,1
77,sourstrawberrysticks,1.53,1
77,gummycherries,1.88,1
77,gummyseashells,0.9,1
77,blacklicoricewheels,1.49,1
77,foambananas,1.41,1
77,nerds,0.62,1
77,jellybeans,1.56,1
77,gummyfriedeggs,1.75,1
77,werthersoriginal,1.71,1
77,gummysharks,1.22,1
77,lonkasoftnougat,1.91,1
77,winegum,0.81,1
77,redgummyfish,0.68,1
77,sourwatermelonslices,1.5,1
77,sourapplerings,1.94,1
77,rainbowsourbelts,1.97,1
77,napoleon,0.29,1
77,liquoriceallsorts,0.21,1
77,watermelongumballs,1.47,1
77,candynecklace,1.76,1
77,marshmallows,1.86,1
77,jellycandies,1.33,1
77,foampigs,1.08,1
77,gummypeaches,2.0,1
77,peanutmms,1.26,1
77,liquoricetwists,0.56,1
77,chokotoff,0.65,1
77,gummyberries,1.49,1
77,gummysmurfs,1.88,1
77,smarties,0.13,1
77,sourstrawberrybelts,1.73,1
77,gummyhearts,1.6,1
77,chocolatecoins,0.61,1
77,nutscoveredinchocolate,1.15,1
77,sugarhearts,0.55,1
77,colabottles,1.94,1
77,yogurtraisins,1.15,1
77,gummystrawberries,1.62,1
79,sourstrawberrysticks,1.45,1
79,foambananas,0.25,1
79,liquoricetwists,1.33,1
79,marshmallows,0.33,1
79,gummyseashells,1.13,1
79,candynecklace,0.49,1
79,gummyhearts,1.1,1
79,smarties,1.48,1
79,foampigs,1.76,1
79,werthersoriginal,1.41,1
79,lonkasoftnougat,1.02,1
79,sourwatermelonslices,0.88,1
79,gummystrawberries,1.53,1
79,gummyberries,1.32,1
79,nutscoveredinchocolate,1.16,1
79,chocolatecoins,1.18,1
79,yogurtraisins,0.55,1
79,gummysmurfs,1.76,1
79,rainbowsourbelts,1.39,1
79,peanutmms,1.6,1
79,blacklicoricewheels,1.08,1
79,chocolatepeanutclusters,1.94,1
79,gummibears,1.42,1
79,nerds,0.66,1
79,sourapplerings,0.5,1
79,gummylips,1.14,1
79,watermelongumballs,1.19,1
79,jellycandies,1.38,1
79,jellybeans,0.23,1
79,colabottles,1.07,1
79,chokotoff,1.25,1
79,gummycherries,1.32,1
79,saltliquoricepretzels,1.41,1
79,gummysharks,0.78,1
79,liquoriceallsorts,0.0,1
79,sugarhearts,0.83,1
79,winegum,1.4,1
79,gummyfriedeggs,0.29,1
79,sourstrawberrybelts,1.77,1
79,redgummyfish,1.23,1
79,napoleon,1.06,1
79,gummypeaches,1.38,1
7,blacklicoricewheels,1.15,1
7,chocolatecoins,0.48,1
7,gummysmurfs,2.0,1
7,winegum,2.0,1
7,werthersoriginal,1.37,1
7,gummylips,1.33,1
7,rainbowsourbelts,1.56,1
7,gummystrawberries,2.0,1
7,foambananas,0.0,1
7,foampigs,0.78,1
7,sugarhearts,1.2,1
7,gummyhearts,1.62,1
7,colabottles,1.67,1
7,jellycandies,1.43,1
7,smarties,2.0,1
7,lonkasoftnougat,0.0,1
7,chokotoff,0.56,1
7,watermelongumballs,0.45,1
7,sourstrawberrysticks,1.78,1
7,marshmallows,0.0,1
7,jellybeans,1.27,1
7,gummysharks,1.2,1
7,sourapplerings,1.74,1
7,sourwatermelonslices,1.45,1
7,peanutmms,2.0,1
7,candynecklace,1.3,1
7,sourstrawberrybelts,2.0,1
7,gummyseashells,0.72,1
7,gummibears,0.6,1
7,saltliquoricepretzels,0.39,1
7,liquoriceallsorts,0.34,1
7,redgummyfish,1.3,1
7,nerds,0.0,1
7,yogurtraisins,1.3,1
7,nutscoveredinchocolate,1.24,1
7,liquoricetwists,0.09,1
7,chocolatepeanutclusters,1.89,1
7,gummycherries,0.64,1
7,gummypeaches,1.8,1
7,napoleon,0.64,1
7,gummyberries,1.07,1
7,gummyfriedeggs,1.1,1
81,sugarhearts,0.47,1
81,werthersoriginal,1.48,1
81,gummylips,0.32,1
81,gummycherries,1.37,1
81,yogurtraisins,0.38,1
81,gummyhearts,1.29,1
81,liquoricetwists,0.0,1
81,gummibears,1.13,1
81,nerds,0.61,1
81,smarties,1.91,1
81,peanutmms,2.0,1
81,winegum,0.51,1
81,chocolatepeanutclusters,2.0,1
81,sourapplerings,1.1,1
81,foampigs,0.0,1
81,nutscoveredinchocolate,1.46,1
81,redgummyfish,0.6,1
81,napoleon,0.0,1
81,blacklicoricewheels,0.0,1
81,foambananas,0.0,1
81,gummyfriedeggs,0.0,1
81,sourstrawberrybelts,1.82,1
81,jellycandies,1.1,1
81,marshmallows,1.54,1
81,gummysharks,0.0,1
81,saltliquoricepretzels,0.0,1
81,gummyseashells,0.5,1
81,liquoriceallsorts,0.0,1
81,gummystrawberries,0.71,1
81,gummyberries,0.0,1
81,lonkasoftnougat,0.0,1
81,watermelongumballs,0.0,1
81,gummypeaches,0.0,1
81,rainbowsourbelts,1.43,1
81,jellybeans,0.0,1
81,chocolatecoins,0.01,1
81,colabottles,0.03,1
81,sourstrawberrysticks,1.48,1
81,chokotoff,0.0,1
81,sourwatermelonslices,1.25,1
81,candynecklace,1.11,1
81,gummysmurfs,2.0,1
83,foampigs,1.18,1
83,chocolatepeanutclusters,1.72,1
83,candynecklace,1.27,1
83,jellycandies,1.45,1
83,nerds,1.19,1
83,gummyhearts,1.35,1
83,colabottles,1.55,1
83,gummypeaches,1.67,1
83,rainbowsourbelts,1.2,1
83,marshmallows,0.74,1
83,chokotoff,1.84,1
83,liquoriceallsorts,0.36,1
83,gummycherries,1.16,1
83,yogurtraisins,1.36,1
83,sourwatermelonslices,1.11,1
83,gummibears,0.93,1
83,sourstrawberrybelts,1.54,1
83,lonkasoftnougat,1.49,1
83,foambananas,1.68,1
83,napoleon,1.78,1
83,chocolatecoins,1.57,1
83,watermelongumballs,1.13,1
83,sourapplerings,1.21,1
83,gummyfriedeggs,0.79,1
83,gummyseashells,0.73,1
83,sourstrawberrysticks,1.53,1
83,jellybeans,1.15,1
83,winegum,0.79,1
83,redgummyfish,0.85,1
83,liquoricetwists,1.26,1
83,nutscoveredinchocolate,1.46,1
83,sugarhearts,0.61,1
83,gummystrawberries,0.84,1
83,gummyberries,0.57,1
83,saltliquoricepretzels,1.49,1
83,gummylips,0.65,1
83,gummysmurfs,0.89,1
83,smarties,0.72,1
83,gummysharks,0.71,1
83,werthersoriginal,1.86,1
83,peanutmms,1.61,1
83,blacklicoricewheels,1.32,1
85,nutscoveredinchocolate,1.59,1
85,gummypeaches,0.68,1
85,candynecklace,1.47,1
85,gummibears,1.88,1
85,gummyhearts,1.31,1
85,chokotoff,1.61,1
85,gummystrawberries,1.87,1
85,peanutmms,1.86,1
85,liquoricetwists,0.0,1
85,gummyberries,0.0,1
85,blacklicoricewheels,0.0,1
85,jellycandies,1.43,1
85,sugarhearts,1.26,1
85,yogurtraisins,1.39,1
85,sourwatermelonslices,0.72,1
85,winegum,1.96,1
85,chocolatepeanutclusters,2.0,1
85,gummysmurfs,1.76,1
85,gummycherries,1.88,1
85,liquoriceallsorts,0.01,1
85,redgummyfish,1.7,1
85,rainbowsourbelts,0.4,1
85,werthersoriginal,1.39,1
85,jellybeans,0.54,1
85,colabottles,2.0,1
85,chocolatecoins,0.0,1
85,napoleon,1.64,1
85,sourapplerings,1.65,1
85,marshmallows,1.28,1
85,saltliquoricepretzels,0.38,1
85,lonkasoftnougat,1.05,1
85,sourstrawberrysticks,0.86,1
85,gummyseashells,1.99,1
85,nerds,1.0,1
85,smarties,1.67,1
85,watermelongumballs,0.7,1
85,gummylips,1.86,1
85,sourstrawberrybelts,0.6,1
85,gummysharks,1.76,1
85,foampigs,1.14,1
85,gummyfriedeggs,0.65,1
85,foambananas,0.56,1
87,werthersoriginal,2.0,1
87,gummylips,0.65,1
87,jellycandies,0.67,1
87,gummyseashells,0.55,1
87,watermelongumballs,1.18,1
87,gummibears,0.66,1
87,jellybeans,0.51,1
87,nutscoveredinchocolate,2.0,1
87,foambananas,0.0,1
87,rainbowsourbelts,1.56,1
87,colabottles,1.46,1
87,liquoricetwists,1.29,1
87,smarties,1.35,1
87,gummystrawberries,0.62,1
87,peanutmms,2.0,1
87,foampigs,0.56,1
87,gummysharks,0.81,1
87,lonkasoftnougat,1.54,1
87,gummyfriedeggs,0.69,1
87,gummycherries,0.85,1
87,sourstrawberrysticks,1.29,1
87,nerds,1.15,1
87,gummypeaches,1.25,1
87,sourapplerings,1.34,1
87,marshmallows,0.0,1
87,blacklicoricewheels,2.0,1
87,chocolatecoins,2.0,1
87,sourwatermelonslices,1.28,1
87,chocolatepeanutclusters,2.0,1
87,gummyberries,0.84,1
87,chokotoff,2.0,1
87,yogurtraisins,2.0,1
87,sugarhearts,0.8,1
87,redgummyfish,1.12,1
87,saltliquoricepretzels,1.2,1
87,gummyhearts,0.72,1
87,napoleon,1.59,1
87,sourstrawberrybelts,1.51,1
87,candynecklace,0.66,1
87,gummysmurfs,0.52,1
87,winegum,0.66,1
87,liquoriceallsorts,0.0,1
89,marshmallows,1.43,1
89,sourwatermelonslices,1.19,1
89,gummysharks,0.99,1
89,chocolatepeanutclusters,1.74,1
89,foampigs,0.79,1
89,gummibears,1.86,1
89,werthersoriginal,0.44,1
89,liquoriceallsorts,0.03,1
89,chokotoff,1.97,1
89,redgummyfish,1.3,1
89,winegum,1.43,1
89,jellycandies,1.8,1
89,napoleon,1.5,1
89,chocolatecoins,0.14,1
89,gummylips,0.89,1
89,gummyseashells,1.39,1
89,gummystrawberries,1.28,1
89,peanutmms,1.48,1
89,sourstrawberrysticks,1.98,1
89,nerds,1.99,1
89,yogurtraisins,1.0,1
89,gummysmurfs,0.63,1
89,gummycherries,1.14,1
89,liquoricetwists,0.02,1
89,colabottles,1.44,1
89,sourapplerings,1.47,1
89,sugarhearts,1.19,1
89,saltliquoricepretzels,0.0,1
89,gummypeaches,1.74,1
89,jellybeans,2.0,1
89,foambananas,2.0,1
89,blacklicoricewheels,0.02,1
89,sourstrawberrybelts,2.0,1
89,gummyberries,1.1,1
89,rainbowsourbelts,1.98,1
89,nutscoveredinchocolate,1.98,1
89,gummyhearts,1.24,1
89,candynecklace,2.0,1
89,watermelongumballs,1.24,1
89,lonkasoftnougat,1.46,1
89,gummyfriedeggs,1.04,1
89,smarties,1.46,1
91,nutscoveredinchocolate,2.0,1
91,smarties,2.0,1
91,foampigs,1.69,1
91,gummyfriedeggs,1.07,1
91,jellycandies,1.08,1
91,gummyseashells,0.75,1
91,gummysmurfs,0.8,1
91,chocolatecoins,0.0,1
91,gummyberries,1.09,1
91,foambananas,1.14,1
91,sourstrawberrybelts,1.39,1
91,yogurtraisins,1.98,1
91,sugarhearts,0.92,1
91,peanutmms,2.0,1
91,gummibears,1.0,1
91,gummycherries,0.85,1
91,sourwatermelonslices,0.96,1
91,liquoricetwists,0.01,1
91,blacklicoricewheels,0.01,1
91,redgummyfish,0.85,1
91,gummysharks,0.76,1
91,watermelongumballs,1.02,1
91,gummyhearts,0.9,1
91,napoleon,1.01,1
91,colabottles,0.84,1
91,winegum,0.79,1
91,nerds,0.85,1
91,sourapplerings,1.07,1
91,rainbowsourbelts,0.96,1
91,sourstrawberrysticks,1.28,1
91,marshmallows,1.76,1
91,liquoriceallsorts,0.0,1
91,jellybeans,0.87,1
91,chocolatepeanutclusters,1.99,1
91,chokotoff,1.99,1
91,saltliquoricepretzels,0.0,1
91,lonkasoftnougat,1.75,1
91,werthersoriginal,2.0,1
91,gummylips,0.95,1
91,gummystrawberries,0.78,1
91,candynecklace,1.15,1
91,gummypeaches,0.88,1
93,jellycandies,1.44,1
93,sourstrawberrysticks,1.53,1
93,chocolatecoins,1.38,1
93,gummyfriedeggs,1.13,1
93,nutscoveredinchocolate,1.83,1
93,werthersoriginal,1.66,1
93,gummyseashells,0.79,1
93,smarties,1.38,1
93,gummysharks,1.22,1
93,sourwatermelonslices,1.58,1
93,gummibears,0.74,1
93,watermelongumballs,1.0,1
93,gummyhearts,0.82,1
93,marshmallows,1.18,1
93,chokotoff,2.0,1
93,rainbowsourbelts,1.63,1
93,winegum,0.74,1
93,foambananas,1.31,1
93,blacklicoricewheels,0.78,1
93,foampigs,1.39,1
93,redgummyfish,1.56,1
93,sourapplerings,1.64,1
93,yogurtraisins,1.62,1
93,candynecklace,0.93,1
93,liquoricetwists,0.84,1
93,napoleon,1.58,1
93,chocolatepeanutclusters,1.97,1
93,liquoriceallsorts,1.53,1
93,gummylips,1.0,1
93,lonkasoftnougat,1.76,1
93,gummyberries,1.3,1
93,gummypeaches,1.74,1
93,nerds,1.32,1
93,saltliquoricepretzels,1.65,1
93,jellybeans,1.25,1
93,gummystrawberries,0.73,1
93,gummysmurfs,0.86,1
93,gummycherries,0.95,1
93,peanutmms,1.71,1
93,sugarhearts,1.08,1
93,colabottles,1.45,1
93,sourstrawberrybelts,1.69,1
95,gummylips,1.35,1
95,sourapplerings,1.24,1
95,peanutmms,2.0,1
95,candynecklace,0.04,1
95,gummystrawberries,0.37,1
95,foampigs,1.06,1
95,blacklicoricewheels,0.61,1
95,gummypeaches,1.02,1
95,sugarhearts,1.0,1
95,gummycherries,0.97,1
95,gummyseashells,0.53,1
95,smarties,1.03,1
95,sourwatermelonslices,1.57,1
95,chocolatecoins,0.71,1
95,jellybeans,0.82,1
95,winegum,0.34,1
95,nutscoveredinchocolate,0.94,1
95,liquoriceallsorts,1.04,1
95,lonkasoftnougat,1.1,1
95,nerds,0.93,1
95,foambananas,0.39,1
95,sourstrawberrybelts,1.61,1
95,gummysmurfs,0.32,1
95,colabottles,0.49,1
95,yogurtraisins,0.94,1
95,marshmallows,1.86,1
95,gummyfriedeggs,1.42,1
95,napoleon,0.54,1
95,chokotoff,0.43,1
95,werthersoriginal,0.04,1
95,gummysharks,1.18,1
95,liquoricetwists,1.33,1
95,gummyberries,0.97,1
95,chocolatepeanutclusters,1.45,1
95,rainbowsourbelts,1.62,1
95,gummyhearts,1.72,1
95,gummibears,1.02,1
95,redgummyfish,1.26,1
95,saltliquoricepretzels,1.04,1
95,jellycandies,1.15,1
95,sourstrawberrysticks,1.65,1
95,watermelongumballs,1.03,1
97,colabottles,0.07,1
97,gummycherries,0.11,1
97,gummibears,0.05,1
97,nerds,1.22,1
97,chocolatecoins,0.0,1
97,gummyfriedeggs,0.01,1
97,jellybeans,1.58,1
97,smarties,1.59,1
97,gummyhearts,0.02,1
97,sourapplerings,0.49,1
97,gummyberries,1.59,1
97,gummystrawberries,0.01,1
97,liquoricetwists,0.03,1
97,nutscoveredinchocolate,2.0,1
97,liquoriceallsorts,0.02,1
97,peanutmms,1.76,1
97,sourwatermelonslices,1.27,1
97,jellycandies,1.03,1
97,gummysmurfs,0.0,1
97,yogurtraisins,1.57,1
97,gummypeaches,0.03,1
97,winegum,0.05,1
97,napoleon,1.11,1
97,lonkasoftnougat,1.6,1
97,rainbowsourbelts,0.73,1
97,foampigs,0.29,1
97,werthersoriginal,1.3,1
97,gummylips,0.1,1
97,sourstrawberrysticks,1.09,1
97,watermelongumballs,1.31,1
97,gummysharks,0.0,1
97,chocolatepeanutclusters,1.97,1
97,chokotoff,1.39,1
97,sugarhearts,1.62,1
97,sourstrawberrybelts,0.53,1
97,saltliquoricepretzels,1.1,1
97,gummyseashells,0.02,1
97,candynecklace,1.38,1
97,redgummyfish,0.01,1
97,blacklicoricewheels,0.4,1
97,marshmallows,0.74,1
97,foambananas,0.78,1
99,lonkasoftnougat,0.4,1
99,jellycandies,0.73,1
99,marshmallows,0.36,1
99,gummypeaches,1.15,1
99,gummystrawberries,0.69,1
99,nerds,1.24,1
99,sourwatermelonslices,1.51,1
99,gummysmurfs,0.55,1
99,sugarhearts,0.73,1
99,winegum,0.63,1
99,liquoricetwists,1.14,1
99,peanutmms,1.61,1
99,werthersoriginal,1.29,1
99,foampigs,1.45,1
99,sourapplerings,1.58,1
99,gummycherries,0.43,1
99,smarties,1.37,1
99,liquoriceallsorts,0.59,1
99,sourstrawberrybelts,1.6,1
99,gummyhearts,0.82,1
99,foambananas,1.79,1
99,nutscoveredinchocolate,1.74,1
99,sourstrawberrysticks,1.67,1
99,gummyseashells,0.43,1
99,watermelongumballs,0.76,1
99,chocolatepeanutclusters,1.65,1
99,blacklicoricewheels,1.33,1
99,napoleon,0.55,1
99,chokotoff,0.49,1
99,saltliquoricepretzels,1.48,1
99,colabottles,0.6,1
99,gummibears,0.37,1
99,candynecklace,0.56,1
99,chocolatecoins,0.75,1
99,yogurtraisins,1.76,1
99,gummylips,0.64,1
99,rainbowsourbelts,1.66,1
99,redgummyfish,0.66,1
99,gummysharks,1.33,1
99,gummyfriedeggs,1.32,1
99,jellybeans,0.53,1
99,gummyberries,1.36,1
9,gummyfriedeggs,0.51,1
9,gummycherries,1.39,1
9,watermelongumballs,0.01,1
9,chokotoff,1.88,1
9,nerds,0.09,1
9,rainbowsourbelts,1.02,1
9,smarties,1.35,1
9,sugarhearts,0.33,1
9,chocolatepeanutclusters,1.97,1
9,liquoricetwists,0.81,1
9,werthersoriginal,0.95,1
9,gummypeaches,1.4,1
9,sourwatermelonslices,1.1,1
9,winegum,0.95,1
9,foambananas,0.97,1
9,gummyberries,1.23,1
9,sourapplerings,1.57,1
9,jellybeans,0.91,1
9,peanutmms,2.0,1
9,napoleon,0.49,1
9,gummysharks,1.23,1
9,foampigs,1.16,1
9,chocolatecoins,0.88,1
9,lonkasoftnougat,0.04,1
9,jellycandies,1.32,1
9,marshmallows,0.54,1
9,colabottles,1.18,1
9,gummyseashells,0.7,1
9,gummystrawberries,1.11,1
9,blacklicoricewheels,1.1,1
9,saltliquoricepretzels,1.44,1
9,gummysmurfs,1.44,1
9,gummyhearts,1.17,1
9,nutscoveredinchocolate,1.72,1
9,gummylips,1.26,1
9,sourstrawberrybelts,1.0,1
9,yogurtraisins,1.83,1
9,redgummyfish,0.99,1
9,gummibears,0.72,1
9,sourstrawberrysticks,0.8,1
9,candynecklace,0.03,1
9,liquoriceallsorts,0.22,1
